Workbook

Sheet processedData
A1: SKU simple | C1: nombre | D1: =LEN(C1) -> 6 | E1: Precio Normal | F1: categorias | G1: categorias | J1: modo_de_uso | K1: tipo_de_piel | L1: principales_ingredientes | M1: descripcion | N1: marca | O1: peso_del_paquete | P1: genero | Q1: modelo | R1: contenido_del_paquete | S1: nombre_general_del_producto | T1: contenido_neto | U1: nombre_de_color | V1: anchura_del_producto | W1: altura_del_producto | X1: largo_del_producto | Y1: etiquetas | Z1: volumen | AA1: caracteristicas | AB1: terminos_de_busqueda | AC1: color | AD1: peso_del_producto | AE1: titulo_seo | AF1: composicion | AG1: fabricante | AH1: descripcion_seo | AI1: aroma | AJ1: categoria_meli | AL1: categoria_ripley | AN1: categoria_falabella | AP1: descripcion_corta
A2: 093-001-003 | B2: =VLOOKUP(A2,Hoja1!B:C,2,0) -> 1 | C2: Pack Dúo Cremas Nocturnas Martiderm Amatist Night Cream 50Ml | D2: =LEN(C2) -> 60 | E2: 232.88 | F2: Antiedad, Facial, Piel Madura | G2: Antiedad | H2: =VLOOKUP(G2,Hoja1!B:C,2,0) -> #N/A | J2: 1. Toma una pequeña cantidad de crema usando la espátula incluida. 2. Aplica diariamente sobre el rostro, cuello y escote. 3. Realiza un suave masaje con movimientos circulares hasta que el producto se absorba completamente. | K2: Piel Madura | L2: Phyto-Retinol (renovación celular suave), Rosa Mosqueta (regeneración e hidratación), Proteoglicanos (firmeza y elasticidad), Omega 3, 6 y 9 (nutrición y barrera protectora), Amatista (propiedades calmantes y energéticas). | M2: ¡Descubre la luminosidad de tu piel madura con este pack duplicado! El Pack de 2 Cremas Nocturnas Martiderm Amatist Night Cream 50Ml es un tratamiento intensivo diseñado para nutrir y revitalizar la piel durante la noche. Esta crema de textura rica está formulada específicamente para pieles maduras que buscan lucir vitales y radiantes, sin necesidad de tratamientos agresivos. Su innovadora fórmula combina activos de alta eficacia como proteoglicanos para mejorar la firmeza, phyto-retinol para una renovación celular suave, aceite de rosa mosqueta para regenerar e hidratar, y una combinación de Omega 3, 6 y 9 para nutrir en profundidad y fortalecer la barrera cutánea. Aprovecha las horas de descanso para una acción reparadora máxima. ¡Invierte en tu belleza nocturna y despierta con una piel visiblemente más lisa, nutrida y llena de vida! | N2: Martiderm | O2: 0.25 | P2: Femenino | Q2: Amatist Night Cream | R2: 2 frascos de crema Martiderm Amatist Night Cream de 50 ml cada uno. | S2: Crema de Noche Antiedad | T2: 100 ml | V2: 5 | W2: 5 | X2: 12 | Y2: crema noche, antiedad, piel madura, martiderm, amatist, revitalizante, phyto-retinol, rosa mosqueta | Z2: 100 | AA2: Tratamiento nocturno, Textura rica y nutritiva, Con espátula incluida, Fórmula para piel madura, Acción revitalizante | AB2: crema nocturna, crema para piel madura, martiderm amatist, tratamiento antiedad, crema de noche, phyto retinol, crema revitalizante, pack cremas, oferta crema facial | AD2: 0.2 | AE2: Pack 2 Cremas Nocturnas Martiderm Amatist - Piel Madura | AF2: Formulada con una combinación de activos innovadores: Proteoglicanos para mejorar la densidad y elasticidad de la piel; Phyto-Retinol, una alternativa vegetal al retinol que renueva las células de forma suave; Aceite de Rosa Mosqueta, rico en ácidos grasos y vitaminas para regenerar e hidratar; y Omega 3, 6 y 9 que nutren y reparan la barrera lipídica cutánea. | AH2: Pack con 2 cremas nocturnas Martiderm Amatist. Tratamiento intensivo para piel madura con Proteoglicanos y Phyto-Retinol. Nutre, revitaliza y mejora la firmeza mientras duermes. ¡Compra ahora! | AJ2: Cuidado Facial | AK2: MPE392452 | AL2: TRATAMIENTOS Y DERMOCOSMETICA > DERMOCOSMETICA | AM2: R300806000000 | AN2: Cuidado de la piel|hidratación de la piel | AO2: 2257 | AP2: 2 unidades de Martiderm Amatist Night Cream de 50Ml cada una.
A3: 069-001-007 | B3: =VLOOKUP(A3,Hoja1!B:C,2,0) -> 2 | C3: Pack Dúo Avene Vitamina Cg Serum 30ML (x2) | D3: =LEN(C3) -> 42 | E3: 243.2 | F3: Antiedad, Antimanchas, Facial | G3: Antiedad | H3: =VLOOKUP(G3,Hoja1!B:C,2,0) -> #N/A | J3: 1. Limpia y seca tu rostro antes de aplicar el sérum. 2. Usa la pipeta para depositar unas gotas en la palma de tu mano. 3. Aplica en rostro, cuello y escote, masajeando suavemente hasta su absorción. 4. Úsalo por la mañana y noche antes de tu crema hidratante. 5. No olvides complementar con protector solar durante el día. | K3: Piel sensible | L3: Vitamina Cg (1.8%): Potente antioxidante que ilumina y protege la piel, Niacinamida (3%): Mejora la barrera cutánea, regenera la piel y reduce manchas, Bakuchiol (1.5%): Alternativa natural al retinol, corrige arrugas sin irritar, 94% de Ingredientes Naturales: Fórmula respetuosa con la piel y el medio ambiente. | M3: ¡Descubre el poder de la luminosidad y la corrección con el Pack Avene Vitamina Cg Serum 30ML (x2)! Este pack incluye dos unidades del revolucionario sérum corrector e iluminador de Avene, diseñado específicamente para combatir los signos visibles del envejecimiento como manchas, arrugas y flacidez. Su fórmula está enriquecida con un poderoso complejo antioxidante de Vitamina Cg estabilizada, Niacinamida y Bakuchiol, un activo natural que actúa como alternativa al retinol. Con un 94% de ingredientes de origen natural y una textura ligera de rápida absorción, es ideal incluso para las pieles más sensibles. Aplica por la mañana y noche para notar en 15 días una piel más suave, rellena, uniforme y radiante. ¡Tu rutina antiedad más completa y efectiva al mejor precio! | N3: Avene | O3: 0.25 | P3: Unisex | Q3: Vitamina Cg Serum | R3: 2 frascos de sérum Avene Vitamina Cg de 30 ml cada uno, cada uno con pipeta dosificadora. | S3: Sérum facial con vitamina C | T3: 60 ml | V3: 4 | W3: 12 | X3: 4 | Y3: sérum vitamina C, antiedad, iluminador, corrector manchas, piel sensible, bakuchiol, niacinamida, antioxidante, cuidado facial, Avene | Z3: 60 | AA3: Corrector e iluminador, Fórmula con 94% ingredientes naturales, Textura ligera de rápida absorción, Ideal para piel sensible, Combate manchas, arrugas y flacidez | AB3: avene vitamina cg serum, sérum vitamina c, sérum antiedad, sérum iluminador, corrector de manchas, bakuchiol, niacinamida, piel sensible, pack sérum, oferta sérum facial | AD3: 0.2 | AE3: Pack Avene Vitamina Cg Serum x2 - Sérum Antiedad Piel Sensible | AF3: Agua, Glicerina, Vitamina Cg (Ascorbil Glucósido 1.8%), Niacinamida (3%), Bakuchiol (1.5%), y otros ingredientes de origen natural. La Vitamina Cg ilumina y protege, la Niacinamida refuerza la barrera y el Bakuchiol actúa como retinol natural para corregir arrugas. | AH3: Pack con 2 sérum Avene Vitamina Cg 30ml. Fórmula correctora e iluminadora con 94% ingredientes naturales, ideal para piel sensible. Combate arrugas, manchas y flacidez. ¡Resultados en 15 días! | AJ3: Cuidado Facial | AK3: MPE392452 | AL3: TRATAMIENTOS Y DERMOCOSMETICA > DERMOCOSMETICA | AM3: R300806000000 | AN3: Cuidado de la piel|hidratación de la piel | AO3: 2257 | AP3: Este pack contiene 2 unidades de Avene Vitamina Cg Serum de 30ML cada una.
A4: 143-001-012 | B4: =VLOOKUP(A4,Hoja1!B:C,2,0) -> 3 | C4: Pack Dúo Bioderma Sensibio Gel Moussant 500ml (x2) - micelar limpiador y calmante piel sensible | D4: =LEN(C4) -> 95 | E4: 159.9 | F4: Facial, Limpiadores, Piel sensible | G4: Facial | H4: =VLOOKUP(G4,Hoja1!B:C,2,0) -> #N/A | J4: 1. Aplicar el gel sobre la piel húmeda del rostro. 2. Masajear suavemente para formar espuma. 3. Aclarar abundantemente con agua. 4. Secar la piel con una toalla con suaves toques. Se puede usar por la mañana y por la noche. | K4: Piel Sensible | L4: Complejo DAF: refuerza el umbral de tolerancia de la piel sensible, Glucósido de coco/Oleato de glicerilo: ingrediente que imita la estructura de la piel, hidrata y restaura lípidos, Agua (AQUA): base del producto, Sodium Cocoamphoacetate: agente limpiador suave, Propanediol: humectante y solvente suave. | M4: ¡Descubre la limpieza suave y eficaz para tu piel sensible! Este pack incluye dos botellas de 500ml del Bioderma Sensibio Gel Moussant, el gel micelar limpiador y calmante formulado específicamente para reforzar la hidratación natural. Su textura en gel se transforma en una espuma delicada que limpia en profundidad, elimina el maquillaje (incluso el de ojos) y calma las irritaciones gracias al exclusivo complejo DAF. Enriquecido con glucósido de coco/oleato de glicerilo, un activo que mimetiza la estructura cutánea, este producto restaura la barrera lipídica, hidrata y mantiene el pH fisiológico. Es no comedogénico, sin jabón y sin perfume, ofreciendo una tolerancia excelente. Ideal para tu rutina diaria de mañana y noche. ¡Consigue un rostro limpio, fresco y perfectamente calmado con este práctico pack doble! | N4: Bioderma | O4: 1.2 | P4: Unisex | Q4: Sensibio Gel Moussant | R4: 2 unidades de Bioderma Sensibio Gel Moussant de 500ml cada una. | S4: Gel limpiador micelar facial | T4: 2 x 500 ml | U4: Transparente | V4: 8 | W4: 20 | X4: 8 | Y4: bioderma, sensibio, gel moussant, limpiador, micelar, calmante, piel sensible, sin perfume, hidratante, espuma | Z4: 1000 | AA4: Gel micelar, Limpia y desmaquilla, Formula calmante, Refuerza la hidratación, Sin jabón, Sin perfume, pH fisiológico, No comedogénico, Para piel sensible | AB4: bioderma sensibio gel, gel limpiador bioderma, limpiador para piel sensible, gel moussant, pack bioderma, oferta bioderma, gel micelar, limpieza facial, piel sensible, desmaquillante | AC4: Transparente | AD4: 1 | AE4: Pack Doble Bioderma Sensibio Gel Moussant 500ml - Piel Sensible | AF4: Agua (AQUA), Sodium Cocoamphoacetate (tensioactivo limpiador suave), Propanediol (humectante), Sodium Lauroyl Sarcosinate (tensioactivo), Citric Acid (regulador de pH), Coco-Glucoside (tensioactivo suave de origen natural), Glyceryl Oleate (emoliente y restaurador lipídico), Sodium Citrate (regulador de pH), y otros ingredientes como Mannitol, Xylitol, Rhamnose, Fructooligosaccharides (componentes del complejo DAF que refuerzan la tolerancia cutánea), y Tocopherol (antioxidante). | AG4: Bioderma | AH4: Pack con 2 unidades de Bioderma Sensibio Gel Moussant 500ml. Gel micelar limpiador y calmante para piel sensible, elimina maquillaje, hidrata y refuerza la barrera de la piel sin irritar. Sin perfume y no comedogénico. | AI4: Sin perfume | AJ4: Cuidado Facial | AK4: MPE392452 | AL4: TRATAMIENTOS Y DERMOCOSMETICA > DERMOCOSMETICA | AM4: R300806000000 | AN4: Limpiadores|desmaquilladores no eléctricos | AO4: 1754 | AP4: Este pack contiene 2 unidades del producto Bioderma Sensibio Gel Moussant de 500ml cada una.
A5: 112-001-002 | B5: =VLOOKUP(A5,Hoja1!B:C,2,0) -> 4 | C5: Pack Tratamiento Antiedad Sesderma Retisil Crema Intensiva + Contorno de Ojos y Labios | D5: =LEN(C5) -> 86 | E5: 458.9 | F5: Antiedad, Facial, Antiarrugas | G5: Antiedad | H5: =VLOOKUP(G5,Hoja1!B:C,2,0) -> #N/A | J5: 1. Para la Crema Intensiva: Aplicar mañana y noche sobre el rostro, cuello y escote con la piel limpia y seca. Masajear suavemente hasta su completa absorción. Usar protector solar diariamente. 2. Para el Contorno de Ojos y Labios: Aplicar mañana y noche en el contorno de ojos y labios con la piel limpia y seca. Aplicar desde el interior hacia el exterior con ligeros toques con los dedos y masajear suavemente. | K5: Todo tipo de piel | L5: Hidroxipinacolona retinoato (reduce arrugas), Péptidos Syn®-Tacks / Syn®-Coll (reafirma la piel), Ácido hialurónico (hidrata y rellena), Silicio orgánico (mejora firmeza), Vitamina E y Centella asiática (antioxidantes), Aceite de rosa mosqueta y almendras dulces (hidratan y suavizan), Cafeína (mejora ojeras), Fitomenadiona epóxido (aclara ojeras). | M5: ¡Transforma tu rutina de belleza con el Pack Pro-Aging Sesderma Retisil! Este exclusivo set combina la poderosa Crema Intensiva para rostro, cuello y escote con el especializado Contorno de Ojos y Labios, diseñados para una acción antiedad integral. La Crema Intensiva, con su avanzado sistema Ageless Beauty, reduce arrugas, reafirma la piel y mejora la flacidez, manchas y textura irregular gracias a ingredientes como el hidroxipinacolona retinoato, péptidos y ácido hialurónico. El Contorno de Ojos y Labios actúa específicamente en las zonas más delicadas, hidratando, aclarando ojeras y reduciendo arrugas locales con activos como cafeína y fitomenadiona. Fabricados con tecnología dermocosmética de alta calidad, ofrecen una hidratación profunda y resultados visibles. ¡Consigue una piel más firme, lisa y radiante con este dúo de tratamiento especializado! | N5: Sesderma | O5: 0.35 | P5: Femenino | Q5: Retisil | R5: 1 frasco de Crema Intensiva Sesderma Retisil, 1 frasco de Contorno de Ojos y Labios Sesderma Retisil. | S5: Pack de Cremas Antiedad Facial | T5: 2 pzas | U5: Blanco | V5: 12 | W5: 8 | X5: 18 | Y5: antiedad, antiarrugas, crema facial, contorno de ojos, pro-aging, sesderma, retisil, hidratante, reafirmante, ojeras | AA5: Reduce arrugas, Reafirma la piel, Mejora la flacidez, Aclara ojeras, Hidratación intensiva, Antioxidante, Para rostro, cuello y escote, Para contorno de ojos y labios | AB5: pack sesderma retisil, crema antiedad, contorno de ojos, tratamiento facial, crema para arrugas, crema pro aging, sesderma retisil crema, crema para ojeras, rutina antiedad | AC5: Blanco | AD5: 0.3 | AE5: Pack Sesderma Retisil - Crema Antiedad y Contorno de Ojos | AF5: Crema Intensiva: Contiene hidroxipinacolona retinoato (análogo de retinol), péptidos (Syn®-Tacks, Syn®-Coll), ácido hialurónico, silicio orgánico, vitamina E, centella asiática, aceite de rosa mosqueta y aceite de almendras dulces para combatir los signos de la edad. Contorno de Ojos: Formulado con cafeína (descongestivo), fitomenadiona epóxido (aclarante), hidroxipinacolona retinoato, péptidos (palmitoil tripéptido-5), ácido hialurónico y extracto de centella asiática para tratar la delicada piel del contorno ocular y labial. | AG5: Sesderma | AH5: Pack antiedad Sesderma Retisil con Crema Intensiva y Contorno de Ojos. Reduce arrugas, reafirma, hidrata y aclara ojeras. Tratamiento facial completo para una piel más joven. | AJ5: Cuidado Facial | AK5: MPE392452 | AL5: TRATAMIENTOS Y DERMOCOSMETICA > DERMOCOSMETICA | AM5: R300806000000 | AN5: Cuidado de la piel|hidratación de la piel | AO5: 2257 | AP5: Este pack contiene: 1 unidad de Sesderma Retisil Crema Intensiva y 1 unidad de Sesderma Retisil Contorno de Ojos y Labios.
A6: 142-001-012 | B6: =VLOOKUP(A6,Hoja1!B:C,2,0) -> 5 | C6: Pack Bioderma Pigmentbio H2O - Agua Micelar Iluminadora x2 Unidades - Tratamiento Manchas | D6: =LEN(C6) -> 89 | E6: 88.9 | F6: Antimanchas, Facial, Limpiadores | G6: Antimanchas | H6: =VLOOKUP(G6,Hoja1!B:C,2,0) -> #N/A | J6: 1. Humedece un algodón con el agua micelar. 2. Limpia y elimina el maquillaje del rostro y los ojos con suavidad. 3. Seca la piel con suavidad. Uso diario, no necesita enjuague. | K6: Piel hiperpigmentada | L6: Hexapeptide-2 (BI 520): Regula la pigmentación y aclara manchas, Ácido Azelaico: Actúa sobre los mecanismos de las manchas oscuras, Extracto de Andrographis Paniculata: Propiedades iluminadoras, Fructooligosacáridos: Protege y respeta el equilibrio de la piel. | M6: ¡Consigue un tono de piel radiante y uniforme! Este pack contiene dos botellas de Agua Micelar Iluminadora Bioderma Pigmentbio H2O de 250 ml. Especialmente formulada para pieles con trastornos de pigmentación como manchas oscuras, esta solución micelar de alta tolerancia limpia, desmaquilla e ilumina en un solo gesto. Su tecnología con micelas elimina impurezas y maquillaje respetando el equilibrio cutáneo, mientras que su combinación patentada de activos como el Hexapeptide-2 (BI 520) y el Ácido Azelaico regula los mecanismos biológicos que causan las manchas. Sin perfume, es ideal para uso diario en rostro y ojos, dejando una sensación de frescura y luminosidad inmediata. ¡El dúo perfecto para una rutina antimanchas efectiva y suave! | N6: Bioderma | O6: 0.7 | P6: Unisex | Q6: Pigmentbio H2O | R6: 2 botellas de agua micelar Bioderma Pigmentbio H2O de 250 ml. | S6: Agua micelar iluminadora | T6: 500 ml | U6: Transparente | V6: 6.5 | W6: 18 | X6: 6.5 | Y6: agua micelar, bioderma, pigmentbio, iluminadora, antimanchas, desmaquillante, limpiador, piel hiperpigmentada, sin perfume, alta tolerancia | Z6: 500 | AA6: Alta tolerancia, Sin perfume, Desmaquilla rostro y ojos, No necesita enjuague, Efecto iluminador, Regula la pigmentación | AB6: agua micelar bioderma, pigmentbio h2o, agua iluminadora, desmaquillante para manchas, limpiador facial antimanchas, bioderma pigmentbio, pack agua micelar, oferta bioderma, tratamiento hiperpigmentación, rutina para manchas | AC6: Transparente | AD6: 0.6 | AE6: Pack Bioderma Pigmentbio H2O Agua Micelar Iluminadora x2 | AF6: Agua (Aqua), tensioactivos suaves (PEG-6 Caprylic/Capric Glycerides, Polysorbate 20), agentes hidratantes y de protección (Dipropylene Glycol, Butylene Glycol, Fructooligosaccharides, Mannitol, Xylitol), activos antimanchas (Azelaic Acid, Hexapeptide-2 [BI 520]), extracto botánico iluminador (Andrographis Paniculata Leaf Extract), y agentes quelantes y conservantes. Fórmula sin perfume. | AG6: Bioderma | AH6: Pack con 2 aguas micelares Bioderma Pigmentbio H2O. Limpia, desmaquilla e ilumina pieles con manchas. Alta tolerancia y sin perfume. ¡Consigue un tono uniforme! | AI6: Sin perfume | AJ6: Desmaquillantes | AK6: MPE392393 | AL6: TRATAMIENTOS Y DERMOCOSMETICA > DERMOCOSMETICA | AM6: R300806000000 | AN6: Limpiadores|desmaquilladores no eléctricos | AO6: 1754 | AP6: 2 unidades de Agua Micelar Bioderma Pigmentbio H2O de 250 ml cada una.
A7: 092-001-003 | B7: =VLOOKUP(A7,Hoja1!B:C,2,0) -> 6 | C7: Pack Dúo Martiderm Epigence 145 Cream - Crema Antiarrugas y Luminosidad (2 x 50ml) | D7: =LEN(C7) -> 82 | E7: 396.42 | F7: Antiedad, Antiarrugas, Facial | G7: Antiedad | H7: =VLOOKUP(G7,Hoja1!B:C,2,0) -> #N/A | J7: 1. Toma una pequeña cantidad de crema usando la espátula incluida. 2. Aplica diariamente por la mañana sobre el rostro, cuello y escote. 3. Realiza un suave masaje con movimientos circulares hasta que el producto se absorba por completo. | K7: Todo tipo de piel | L7: Epigen 145: Reprograma la piel para retrasar el envejecimiento. Hyaluronic Gold: Aumenta la producción de ácido hialurónico para hidratación y volumen. Proteum 89+: Mejora la firmeza y elasticidad de la piel. | M7: ¡Descubre la fórmula rejuvenecedora y consigue una piel visiblemente más joven! El Pack Doble de Martiderm Epigence 145 Cream es tu aliado perfecto contra los signos de la edad. Esta crema facial de tratamiento diario está específicamente diseñada para reprogramar la piel y retrasar el envejecimiento cutáneo. Su avanzada tecnología actúa a tres niveles: reactiva la capacidad natural de regeneración celular, estimula la producción de colágeno, elastina y ácido hialurónico, y aumenta la firmeza y elasticidad. Con ingredientes como Epigen 145, Hyaluronic Gold y Proteum 89+, no solo reduce arrugas y líneas de expresión, sino que también aporta una luminosidad extraordinaria y unifica el tono de la piel. Ideal para todo tipo de piel, su textura se absorbe rápidamente sin dejar residuos grasos. ¡Invierte en tu piel y disfruta de un aspecto renovado, firme y radiante con este pack de dos unidades! | N7: Martiderm | O7: 0.25 | P7: Unisex | Q7: Epigence 145 Cream | R7: 2 frascos de crema Martiderm Epigence 145 Cream de 50ml cada uno (cada uno incluye espátula). | S7: Crema antiarrugas y antiedad facial | T7: 100 ml (2 x 50 ml) | V7: 5 | W7: 10 | X7: 5 | Y7: antiedad, antiarrugas, crema facial, luminosidad, firmeza, ácido hialurónico, colágeno, elastina, Martiderm, Epigence | Z7: 100 | AA7: Reduce arrugas, Aporta luminosidad, Aumenta firmeza y elasticidad, Estimula producción de colágeno, Unifica el tono de la piel, Para uso diario | AB7: crema antiarrugas, Martiderm Epigence, crema antiedad, tratamiento facial, crema con ácido hialurónico, crema para piel madura, crema luminosidad, pack crema facial | AD7: 0.2 | AE7: Pack Doble Crema Antiarrugas Martiderm Epigence 145 - 2x50ml | AF7: Ingredientes inteligentes que incluyen Epigen 145 (activo que reprograma la piel), Hyaluronic Gold (complejo de ácido hialurónico para hidratación profunda) y Proteum 89+ (potenciador de firmeza y elasticidad). Formulada con vitaminas para iluminar y unificar el tono cutáneo. | AH7: Pack con 2 cremas Martiderm Epigence 145 de 50ml. Reduce arrugas, aporta luminosidad y firmeza. Actúa estimulando colágeno y ácido hialurónico. Para todo tipo de piel. ¡Renueva tu piel! | AJ7: Cuidado Facial | AK7: MPE392452 | AL7: TRATAMIENTOS Y DERMOCOSMETICA > DERMOCOSMETICA | AM7: R300806000000 | AN7: Cuidado de la piel|hidratación de la piel | AO7: 2257 | AP7: Este pack contiene 2 unidades de Martiderm Epigence 145 Cream de 50ml cada una.
A8: 071-001-007 | B8: =VLOOKUP(A8,Hoja1!B:C,2,0) -> 7 | C8: Pack Avene Sérums Hyaluron Activ B3 + Vitamina Cg - Tratamiento Antiedad Completo Piel Sensible | D8: =LEN(C8) -> 95 | E8: 460.1 | F8: Antiedad, Facial, Antimanchas | G8: Antiedad | H8: =VLOOKUP(G8,Hoja1!B:C,2,0) -> #N/A | J8: 1. Limpia y seca tu rostro, cuello y escote. 2. Para el Sérum Hyaluron Activ B3: Aplica 1-2 gotas 1 o 2 veces al día, solo o antes de tu crema habitual. 3. Para el Sérum Vitamina Cg: Usa la pipeta para aplicar unas gotas por la mañana y noche, masajeando suavemente hasta su absorción. 4. Complementa con protector solar durante el día, especialmente cuando uses el sérum de Vitamina C. | K8: Piel sensible | L8: Ácido Hialurónico (1.5%): Hidrata y rellena arrugas al retener agua en la piel. Niacinamida (6% en Hyaluron, 3% en Vitamina Cg): Mejora la barrera cutánea, reduce manchas y regenera. Vitamina Cg (1.8%): Potente antioxidante que ilumina y protege contra el daño ambiental. Bakuchiol (1.5%): Alternativa natural al retinol, corrige arrugas sin irritar. Agua Termal de Avène: Calma, suaviza y reduce la sensibilidad de la piel. | M8: ¡Descubre la sinergia perfecta para una piel radiante y rejuvenecida! Este pack exclusivo combina dos sérums de alta eficacia de los Laboratorios Avène: el Sérum Hyaluron Activ B3 y el Sérum Vitamina Cg. El Hyaluron Activ B3 es un concentrado de ácido hialurónico puro (1.5%) y niacinamida (6%) que actúa sobre la causa del envejecimiento, alargando la vida de las células. Su fórmula minimalista de solo 8 ingredientes ofrece un efecto tensor, logrando en 15 días una piel más firme, elástica y con arrugas reducidas. Por su parte, el Sérum Vitamina Cg, con un 94% de ingredientes naturales, es un corrector e iluminador que combate manchas, arrugas y flacidez gracias a su potente combinación de Vitamina Cg (1.8%), Niacinamida (3%) y Bakuchiol (1.5%). Ambos productos, sin perfume y probados en pieles sensibles, ofrecen una textura ligera de rápida absorción. ¡La dupla ideal para un cuidado facial avanzado, seguro y visiblemente efectivo! | N8: Avène | O8: 0.25 | P8: Unisex | Q8: Hyaluron Activ B3 + Vitamina Cg Pack | R8: 1 frasco de Sérum Avène Hyaluron Activ B3 de 30 ml, 1 frasco de Sérum Avène Vitamina Cg de 30 ml. | S8: Pack de Sérums Faciales Antiedad | T8: 2 pzas (60 ml en total) | U8: Transparente | V8: 6 | W8: 15 | X8: 12 | Y8: avène, sérum, ácido hialurónico, vitamina c, antiedad, antimanchas, niacinamida, bakuchiol, piel sensible, facial, tratamiento, pack, oferta | Z8: 60 | AA8: Sin perfume, Probado en pieles sensibles, Fórmula minimalista, Textura ligera de rápida absorción, Con Agua Termal de Avène, Envase con pipeta | AB8: pack avène sérum, avène hyaluron activ b3, avène vitamina cg, sérum antiedad, sérum para manchas, tratamiento facial piel sensible, ácido hialurónico y vitamina c, niacinamida sérum, bakuchiol, oferta sérums avène | AC8: Transparente | AD8: 0.2 | AE8: Pack Sérums Avène: Hyaluron B3 + Vitamina Cg - Antiedad | AF8: Agua Termal de Avène (calmante), Ácido Hialurónico de alto y bajo peso molecular (hidratante y rellenador), Niacinamida (reparadora y uniformizante), Vitamina Cg (antioxidante e iluminadora), Bakuchiol (renovador celular suave), Glicerina (humectante). Fórmulas diseñadas para máxima tolerancia. | AG8: Laboratorios Dermatológicos Avène | AH8: Pack con 2 sérums Avène: Hyaluron Activ B3 (ácido hialurónico) y Vitamina Cg. Combate arrugas, manchas y flacidez. Ideal para piel sensible. Textura ligera y sin perfume. ¡Resultados en 15 días! | AI8: null | AJ8: Cuidado Facial | AK8: MPE392452 | AL8: TRATAMIENTOS Y DERMOCOSMETICA > DERMOCOSMETICA | AM8: R300806000000 | AN8: Cuidado de la piel|hidratación de la piel | AO8: 2257 | AP8: Este pack contiene: 1 Sérum Avène Hyaluron Activ B3 y 1 Sérum Avène Vitamina Cg de 30ML.
A9: 090-001-006 | B9: =VLOOKUP(A9,Hoja1!B:C,2,0) -> 8 | C9: Pack Tratamiento Contorno de Ojos - Frezyderm Eye Balm 15 ml y Color Eye Balm 15 ml | D9: =LEN(C9) -> 83 | E9: 296 | F9: Antiarrugas, Antiojeras, Antiedad | G9: Antiarrugas | H9: =VLOOKUP(G9,Hoja1!B:C,2,0) -> #N/A | J9: 1. Limpia tu rostro y la zona del contorno de ojos. 2. Aplica una pequeña cantidad del bálsamo (Eye Balm o Color Eye Balm) con suaves toques alrededor del ojo, desde el interior hacia el exterior. 3. Usa diariamente por la mañana y/o por la noche para mejores resultados. | K9: Todo tipo de piel | L9: Aceite de argán: Hidratante y nutritivo, Proteínas de avena ATP: Reafirmante y lifting, Extracto de crambe maritima: Protege las células madre de la piel, Resveratrol: Mejora la densidad de la piel, Isoflavonas: Acción antiarrugas, Bioflavonoides: Activan la microcirculación para reducir ojeras | M9: ¡Descubre el dúo perfecto para una mirada rejuvenecida y radiante! Este pack exclusivo de Frezyderm incluye dos potentes bálsamos para el contorno de ojos: el Color Eye Balm y el Eye Balm, ambos de 15 ml. Estos productos de alta cosmética están formulados con ingredientes activos como aceite de argán, proteínas de avena ATP, resveratrol y bioflavonoides. Su textura suave y refrescante actúa inmediatamente activando la microcirculación, reduciendo visiblemente las ojeras, la hinchazón (hasta en un 2.7%) y las líneas de expresión. Recupera la elasticidad, luminosidad y firmeza de la piel más delicada de tu rostro. ¡Consigue una apariencia fresca, descansada y juvenil con este tratamiento especializado! | N9: Frezyderm | O9: 0.08 | P9: Unisex | Q9: Color Eye Balm y Eye Balm | R9: 1 frasco de Frezyderm Color Eye Balm de 15 ml, 1 frasco de Frezyderm Eye Balm de 15 ml | S9: Pack de cremas para contorno de ojos | T9: 30 ml (2 x 15 ml) | V9: 3 | W9: 3 | X9: 10 | Y9: contorno de ojos, antiarrugas, antiojeras, frezyderm, bálsamo ocular, crema ojos, hinchazón, mirada fresca, tratamiento ocular, cosmética griega | Z9: 30 | AA9: Reduce hinchazón y ojeras, Activa microcirculación, Recupera elasticidad, Disminuye líneas de expresión, Textura suave y refrescante, Aplicación diaria | AB9: crema contorno de ojos, frezyderm eye balm, pack contorno de ojos, reducir ojeras, antiarrugas ojos, bálsamo para ojos, tratamiento ocular, cosmética griega frezyderm, crema para hinchazón de ojos, mirada cansada | AD9: 0.05 | AE9: Pack Frezyderm Eye Balm y Color Eye Balm - Tratamiento Contorno Ojos | AF9: Formulados con una combinación de aceites naturales (como el de argán), extractos vegetales (crambe maritima), péptidos (Acetyl Tetrapeptide) y antioxidantes (Resveratrol, Isoflavonas, Bioflavonoides). Estos ingredientes trabajan en sinergia para hidratar profundamente, proteger las células de la piel, estimular la renovación celular y mejorar la firmeza y densidad de la piel del contorno ocular. | AH9: Pack con 2 cremas Frezyderm para contorno de ojos. Reduce ojeras, hinchazón y arrugas. Con aceite de argán, resveratrol y bioflavonoides. ¡Consigue una mirada fresca y juvenil! | AJ9: Cuidado Facial | AK9: MPE392452 | AL9: TRATAMIENTOS Y DERMOCOSMETICA > DERMOCOSMETICA | AM9: R300806000000 | AN9: Cuidado de la piel|hidratación de la piel | AO9: 2257 | AP9: Este pack contiene: 1 unidad de Frezyderm Color Eye Balm de 15 ml y 1 unidad de Frezyderm Eye Balm de 15 ml.
A10: 090-001-003 | B10: =VLOOKUP(A10,Hoja1!B:C,2,0) -> 9 | C10: Pack Dúo Martiderm Proteos Screen SPF 50+ - 2 unidades de 40ml cada una | D10: =LEN(C10) -> 71 | E10: 125.23 | F10: Facial, Antiedad, SolaresHacer principal | G10: Facial | H10: =VLOOKUP(G10,Hoja1!B:C,2,0) -> #N/A | J10: 1. Aplicar una cantidad generosa sobre el rostro, cuello y escote limpios y secos. 2. Realizar un suave masaje con movimientos circulares ascendentes hasta su total absorción. 3. Usar diariamente por la mañana, como último paso de tu rutina de cuidado facial, antes del maquillaje. 4. Reaplicar cada 2 horas si se está expuesto al sol de forma continua o después de nadar o sudar. | K10: Todo tipo de piel | L10: Proteoglicanos: Previenen y reducen los signos del envejecimiento, aportando firmeza y elasticidad a la piel. Complejo de ácido hialurónico y silicio: Ayuda a mantener la piel con aspecto joven, fresco y uniforme, proporcionando hidratación y soporte. | M10: ¡Protege y rejuvenece tu piel todos los días con el Pack Doble de Martiderm Proteos Screen SPF 50+! Este pack incluye dos unidades de la revolucionaria crema facial fluida con Factor de Protección Solar 50+. Su fórmula de fácil absorción y textura Cream-to-Powder no solo previene el envejecimiento cutáneo prematuro causado por el sol, sino que también ayuda a reparar los signos existentes, dejando una sensación sedosa e invisible. Ofrece una protección de amplio espectro contra rayos UVA, UVB, infrarrojos (IR) y luz azul (HEV). Enriquecida con proteoglicanos y un complejo exclusivo de ácido hialurónico y silicio, este tratamiento diario mantiene tu piel con un aspecto joven, fresco, uniforme, firme y elástico. Es el aliado perfecto, práctico y polivalente para tu rutina diaria, ideal para todas las edades y para deportistas, ya que su rápida absorción y tacto seco evitan que pique en los ojos. ¡Consigue una protección superior y un cuidado antiedad en un solo gesto! | N10: Martiderm | O10: 0.15 | P10: Unisex | Q10: Proteos Screen SPF50+ | R10: 2 unidades de crema facial protectora Martiderm Proteos Screen SPF 50+, de 40ml cada una. | S10: Protector facial con FPS y tratamiento antiedad | T10: 2 x 40 ml | V10: 4 | W10: 12 | X10: 4 | Y10: protector solar facial, fps 50, antiedad, amplio espectro, ácido hialurónico, proteoglicanos, textura fluida, protección uva uvb, luz azul, crema facial | Z10: 80 | AA10: FPS 50+, Protección de amplio espectro (UVA/UVB/IR/HEV), Textura Cream-to-Powder, Rápida absorción, Tacto seco, No pica los ojos, Con proteoglicanos y ácido hialurónico | AB10: protector solar facial martiderm, proteos screen, fps 50 crema facial, bloqueador facial antiedad, protector solar con ácido hialurónico, crema con proteccion solar, martiderm spf 50, pack protector solar, doble protector facial, crema facial fps | AC10: Blanco | AD10: 0.08 | AE10: Pack Doble Protector Facial Martiderm Proteos Screen SPF 50+ 40ml | AF10: Fórmula que combina filtros solares de amplio espectro con activos antiedad como proteoglicanos (para firmeza y elasticidad) y un complejo de ácido hialurónico y silicio (para hidratación y uniformidad). Su base de textura fluida (Cream-to-Powder) asegura una aplicación cómoda y un acabado invisible. | AH10: Pack con 2 protectores faciales Martiderm SPF 50+. Protección UVA/UVB/IR/luz azul + tratamiento antiedad con proteoglicanos y ácido hialurónico. Textura fluida de rápida absorción. ¡Tu defensa diaria! | AJ10: Cuidado Facial | AK10: MPE392452 | AL10: PROTECTORES SOLARES | AM10: R300804000000 | AN10: Productos de protección solar | AO10: 492 | AP10: Este pack contiene 2 unidades de Martiderm Proteos Screen SPF 50+ de 40ml cada una.
A11: 087-001-003 | B11: =VLOOKUP(A11,Hoja1!B:C,2,0) -> 10 | C11: Pack Martiderm Gel Micelar Limpiador 200ml + Solución Micelar Limpiadora 300ml | D11: =LEN(C11) -> 78 | E11: 200.8 | F11: Facial, Limpiadores, Hidratante | G11: Facial | H11: =VLOOKUP(G11,Hoja1!B:C,2,0) -> #N/A | J11: 1. Para el Gel Micelar: Aplica sobre el rostro húmedo, masajea suavemente y aclara con abundante agua. 2. Para la Solución Micelar: Impregna un disco desmaquillante, deslízalo por rostro, cuello y escote para retirar impurezas y maquillaje. No requiere aclarado. | K11: Todo tipo de piel | L11: Extracto de Edelweiss: Potente antioxidante que protege e hidrata la piel, Prebióticos: Favorecen el equilibrio de la flora cutánea y la defensa natural. | M11: ¡Transforma tu rutina de limpieza con este pack exclusivo de Martiderm! Este combo incluye el Gel Micelar Limpiador de 200ml y la Solución Micelar Limpiadora 3 en 1 de 300ml. El gel, de uso diario, limpia y elimina suavemente las impurezas y el maquillaje sin resecar, dejando la piel fresca e hidratada, ideal para cara, cuello y escote. La solución micelar ofrece una limpieza facial efectiva y suave en tres pasos: desmaquilla, limpia e hidrata. Ambos productos están enriquecidos con extracto de Edelweiss, un antioxidante natural que protege la piel, y prebióticos que equilibran su flora. La combinación perfecta para una limpieza profunda y un cuidado respetuoso, dejando tu piel radiante y preparada para los siguientes pasos de tu ritual de belleza. ¡Consigue una piel impecable con la doble acción de Martiderm! | N11: Martiderm | O11: 0.65 | P11: Unisex | R11: 1 frasco de Gel Micelar Limpiador Martiderm de 200ml, 1 frasco de Solución Micelar Limpiadora Martiderm de 300ml. | S11: Pack de Limpiadores Faciales Micelares | T11: 200 ml + 300 ml | V11: 8 | W11: 20 | X11: 12 | Y11: limpieza facial, micelar, desmaquillante, gel limpiador, solución micelar, edelweiss, prebióticos, piel sensible, rutina facial | Z11: 500 | AA11: Limpieza 3 en 1, Con extracto de Edelweiss, Con prebióticos, Sin aclarado (solución), Para uso diario, Antioxidante, Hidratante | AB11: pack martiderm, gel micelar, solución micelar, limpiador facial, desmaquillante, cuidado de la piel, rutina limpieza, edelweiss, prebióticos | AD11: 0.5 | AE11: Pack Limpiadores Martiderm: Gel y Solución Micelar con Edelweiss | AF11: Formulados con extracto de Edelweiss (Leontopodium alpinum), conocido por sus propiedades antioxidantes que ayudan a proteger la piel del estrés ambiental, y prebióticos que favorecen el equilibrio de la microbiota cutánea, reforzando su barrera natural. | AH11: Pack Martiderm con Gel y Solución Micelar. Limpia, desmaquilla e hidrata tu piel con extracto de Edelweiss y prebióticos. Ideal para todo tipo de pieles. ¡Completa tu rutina facial! | AJ11: Cuidado Facial | AK11: MPE392452 | AL11: TRATAMIENTOS Y DERMOCOSMETICA > DERMOCOSMETICA | AM11: R300806000000 | AN11: Limpiadores|desmaquilladores no eléctricos | AO11: 1754 | AP11: Este pack contiene: 1 unidad de Gel Micelar Limpiador Martiderm de 200ml y 1 unidad de Solución Micelar Limpiadora Martiderm de 300ml.
A12: 092-001-006 | B12: =VLOOKUP(A12,Hoja1!B:C,2,0) -> 11 | C12: Pack Dúo Frezyderm Velvet Moisturizing 50 ml para Piel Madura (x2) | D12: =LEN(C12) -> 66 | E12: 420 | F12: Antiedad, Hidratante, Facial | G12: Antiedad | H12: =VLOOKUP(G12,Hoja1!B:C,2,0) -> #N/A | J12: 1. Asegúrate de que tu piel del rostro, cuello y escote esté limpia y seca. 2. Toma una cantidad adecuada de crema con los dedos limpios. 3. Aplícala suavemente sobre las áreas mencionadas. 4. Masajea con movimientos circulares ascendentes hasta su completa absorción. 5. Usa como parte de tu rutina de cuidado por la mañana y/o por la noche. | K12: Piel Madura | L12: Cristales de Diamante y Nitruro de Boro: Renuevan las células y aumentan la luminosidad, Colágeno y Elastina Marina: Hidratan y mejoran la elasticidad, Ácido Hialurónico de bajo peso molecular: Hidrata profundamente reteniendo humedad, Ectoína: Protege la piel de contaminantes ambientales, Glucógeno Marino: Protege contra radicales libres y fortalece la piel. | M12: ¡Descubre el secreto para una piel madura radiante y rejuvenecida! Presentamos el Pack Doble de Frezyderm Diamond Velvet Moisturizing Cream, la solución definitiva para combatir la sequedad, la falta de brillo y los signos del envejecimiento. Este pack incluye dos frascos de 50ml de esta crema ultrahidratante de textura aterciopelada, especialmente formulada con tecnología avanzada para pieles maduras y desgastadas. Su fórmula polivalente enriquece la piel con Cristales de Diamante y Nitruro de Boro que aceleran la renovación celular, mientras que una poderosa combinación de colágeno marino, elastina, ácido hialurónico y ectoína garantiza una hidratación activa y pasiva de larga duración. Además, el glucógeno marino fortalece los mecanismos de defensa naturales de la piel, protegiéndola de agresiones externas y radicales libres. Ideal para usar día y noche, esta crema no solo nutre en profundidad sino que también mejora visiblemente la luminosidad y firmeza. ¡Consigue un cutis suave, hidratado y protegido con este increíble pack de valor! | N12: Frezyderm | O12: 0.3 | P12: Unisex | Q12: Diamond Velvet Moisturizing Cream | R12: 2 frascos de crema hidratante Frezyderm Diamond Velvet Moisturizing de 50ml cada uno. | S12: Crema hidratante antiedad | T12: 100 ml | V12: 5 | W12: 5 | X12: 10 | Y12: crema antiedad, hidratante piel madura, frezyderm, diamond velvet, ácido hialurónico, colágeno marino, crema facial, tratamiento facial, renovación celular | Z12: 100 | AA12: Textura aterciopelada, Hidratación prolongada, Renovación celular, Protección ambiental, Fórmula con activos marinos, Para uso diurno y nocturno | AB12: crema frezyderm, velvet moisturizing, crema para piel madura, hidratante con ácido hialurónico, crema antiedad, frezyderm diamond, pack crema facial, tratamiento antienvejecimiento, crema de noche, crema de día | AD12: 0.25 | AE12: Pack 2 Cremas Frezyderm Velvet Moisturizing 50ml - Antiedad | AF12: Agua, ingredientes hidratantes (colágeno marino, elastina marina, ácido hialurónico-silanol, ectoína, complejo similar a NMF), Cristales de Diamante, Nitruro de Boro, Glucógeno Marino. Esta combinación proporciona hidratación profunda, renovación celular y protección ambiental. | AH12: Pack con 2 cremas Frezyderm Velvet Moisturizing 50ml. Hidratación intensa y antiedad para piel madura. Con ácido hialurónico, colágeno marino y protección ambiental. ¡Renueva tu piel! | AJ12: Cuidado Facial | AK12: MPE392452 | AL12: TRATAMIENTOS Y DERMOCOSMETICA > DERMOCOSMETICA | AM12: R300806000000 | AN12: Cuidado de la piel|hidratación de la piel | AO12: 2257 | AP12: Este pack contiene 2 unidades de la crema Frezyderm Diamond Velvet Moisturizing de 50ml cada una.
A13: 054-001-007 | B13: =VLOOKUP(A13,Hoja1!B:C,2,0) -> 12 | C13: Pack Limpieza Facial Avene Espuma Limpiadora 150 ml + Cleanance Gel 200 ml | D13: =LEN(C13) -> 74 | E13: 219.5 | F13: Facial, Limpiadores, Piel grasa | G13: Facial | H13: =VLOOKUP(G13,Hoja1!B:C,2,0) -> #N/A | J13: 1. Para la Espuma Limpiadora: Aplicar en el rostro, sobre la piel mojada o seca. Masajear y luego aclarar con abundante agua. 2. Para el Cleanance Gel: Aplicar una pequeña cantidad sobre la piel húmeda por la mañana y por la noche en rostro, cuello y espalda si es necesario. Formar espuma y enjuagar con abundante agua. | K13: Piel grasa con tendencia acneica | L13: Ácido glutámico (reequilibra la producción de sebo), Agua Termal de Avène 72.5% (calma y reequilibra la piel), Laurato de glicerilo (regula el exceso de sebo y matifica), Extracto de Cardo Mariano (purificante). | M13: ¡Descubre la rutina perfecta para una piel limpia, fresca y sin brillos! Este pack especial de Avène incluye dos limpiadores faciales de alta eficacia. La Espuma Limpiadora de 150 ml es una fórmula cremosa y sin jabón que limpia y desmaquilla suavemente rostro, ojos y labios, eliminando impurezas y exceso de sebo gracias al ácido glutámico, mientras el Agua Termal de Avène calma y reequilibra la piel. El Cleanance Gel de 200 ml es un limpiador purificante que regula el sebo y matifica la piel con su activo vegetal Laurato® de glicerilo, dejando una sensación de frescura extrema. Ideal para una limpieza profunda que respeta el pH natural. ¡Consigue una piel clarificada y luminosa con este dúo infalible! | N13: Avène | O13: 0.45 | P13: Unisex | Q13: Pack Espuma + Cleanance Gel | R13: 1 frasco de Espuma Limpiadora Avène de 150 ml, 1 frasco de Gel Limpiador Cleanance Avène de 200 ml. | S13: Kit de limpieza facial | T13: 350 ml | U13: null | V13: 8 | W13: 20 | X13: 12 | Y13: limpieza facial, piel grasa, acne, espuma limpiadora, gel limpiador, Avène, sebo, matificante, purificante | Z13: 350 | AA13: Limpia y desmaquilla, Regula la producción de sebo, Efecto matificante, Con Agua Termal de Avène, Sin jabón, pH respetuoso | AB13: pack avène limpieza, espuma limpiadora avène, cleanance gel, kit limpieza piel grasa, productos para acne, limpiador facial, avène cleanance, rutina limpieza facial | AC13: Transparente | AD13: 0.35 | AE13: Pack Limpieza Facial Avène - Espuma 150ml + Cleanance Gel 200ml | AF13: Espuma Limpiadora: Agua Termal de Avène (72.5%), ácido glutámico, base limpiadora suave sin jabón. Cleanance Gel: Agua Termal de Avène, Laurato de glicerilo (regulador de sebo), Zinc Gluconate, tensioactivos suaves. Ambos productos están formulados para limpiar profundamente sin agredir la piel. | AG13: Pierre Fabre | AH13: Pack con Espuma Limpiadora y Cleanance Gel de Avène. Ideal para piel grasa y con tendencia acneica. Limpia, purifica, regula el sebo y matifica. ¡Disfruta de una piel fresca y luminosa! | AI13: null | AJ13: Kit de Cuidado de la Piel | AK13: MPE123356 | AL13: TRATAMIENTOS Y DERMOCOSMETICA > DERMOCOSMETICA | AM13: R300806000000 | AN13: Limpiadores|desmaquilladores no eléctricos | AO13: 1754
A14: 093-001-006 | B14: =VLOOKUP(A14,Hoja1!B:C,2,0) -> 13 | C14: Pack Dúo Frezyderm Diamond Wrinkle Fighter 40ml (x2) antienvejecimiento con aplicador | D14: =LEN(C14) -> 85 | E14: 460 | F14: Antiedad, Facial, Tratamiento | G14: Antiedad | H14: =VLOOKUP(G14,Hoja1!B:C,2,0) -> #N/A | J14: 1. Usa como parte de tu rutina nocturna sobre la piel limpia y seca. 2. Gira el cabezal del aplicador para abrirlo. 3. Enrolla las diademas hexagonales de acero inoxidable sobre la piel, distribuyendo y masajeando la fórmula. 4. No apliques crema o suero después. | K14: Todo tipo de piel | L14: Diamond Powder: Renueva las células para una piel radiante y joven, Red Clover: Contrarresta arrugas y aumenta la elasticidad e hidratación, Pisum Sativum: Reduce arrugas y mejora elasticidad, densidad y firmeza, LMW Hyaluronic acid-Silanol: Hidrata y rellena arrugas, Mioinositol: Hidrata y reafirma la piel | M14: ¡Descubre el poder de la innovación antiedad! Pack con 2 unidades del Frezyderm Diamond Wrinkle Fighter 40ml, un tratamiento semanal de lujo para pieles maduras. Este sérum de alta eficacia combate tanto las arrugas estáticas como las dinámicas, gracias a su fórmula enriquecida con Diamond Powder que activa la renovación celular para una piel instantáneamente radiante y rejuvenecida. Su exclusivo aplicador con rodillos hexagonales de acero inoxidable permite una aplicación precisa y un masaje que potencia la absorción de ingredientes clave como el Trébol Rojo, Pisum Sativum, Ácido Hialurónico de bajo peso molecular y Mioinositol. Juntos, estos componentes aumentan la firmeza, densidad, elasticidad e hidratación profunda de la piel. Ideal para incorporar en tu rutina de noche, es el aliado perfecto para una piel más lisa, firme y con un brillo saludable. ¡Transforma tu rutina de cuidado con este tratamiento profesional que ofrece resultados visibles! | N14: Frezyderm | O14: 0.25 | P14: Unisex | Q14: Diamond Wrinkle Fighter | R14: 2 unidades de Frezyderm Diamond Wrinkle Fighter de 40ml cada una. | S14: Tratamiento antienvejecimiento facial | T14: 2 x 40 ml | V14: 5 | W14: 15 | X14: 5 | Y14: antiedad, antienvejecimiento, arrugas, facial, sérum, tratamiento, renovación celular, firmeza, hidratación, Frezyderm, diamond powder, rodillo de acero | Z14: 80 | AA14: Tratamiento semanal, Aplicador con rodillos de acero inoxidable, Fórmula con Diamond Powder, Enfoque en arrugas estáticas y dinámicas, Para uso nocturno | AB14: Frezyderm Wrinkle Fighter, tratamiento arrugas, crema antiedad, sérum facial, diamond powder, rodillo facial, anti aging, piel madura, pack oferta, cuidado de la piel | AD14: 0.2 | AE14: Pack x2 Frezyderm Wrinkle Fighter 40ml - Tratamiento Antiedad | AF14: Fórmula antienvejecimiento que incluye Diamond Powder (polvo de diamante) para renovación celular, extracto de Trébol Rojo (Red Clover) para elasticidad e hidratación, Pisum Sativum para mejorar firmeza y densidad, Ácido Hialurónico de bajo peso molecular (LMW Hyaluronic acid-Silanol) para hidratación y relleno de arrugas, y Mioinositol para reafirmar la piel. | AH14: Pack con 2 tratamientos Frezyderm Wrinkle Fighter 40ml. Combate arrugas estáticas y dinámicas con Diamond Powder y aplicador de rodillos. Ideal para pieles maduras. ¡Resultados visibles! | AJ14: Cuidado Facial | AK14: MPE392452 | AL14: TRATAMIENTOS Y DERMOCOSMETICA > DERMOCOSMETICA | AM14: R300806000000 | AN14: Cuidado de la piel|hidratación de la piel | AO14: 2257 | AP14: Este pack contiene 2 unidades de Frezyderm Diamond Wrinkle Fighter de 40ml cada una.
A15: 057-001-007 | B15: =VLOOKUP(A15,Hoja1!B:C,2,0) -> 14 | C15: Pack Cuidado Facial Avene Sérum Vitamina Cg 30ML + Protector Solar Fluido Mineral SPF 50+ 40ML | D15: =LEN(C15) -> 94 | E15: 389.5 | F15: Antiedad, Antimanchas, Facial | G15: Antiedad | H15: =VLOOKUP(G15,Hoja1!B:C,2,0) -> #N/A | J15: 1. Para el Sérum Vitamina Cg: Limpia y seca tu rostro. Usa la pipeta para aplicar unas gotas en rostro, cuello y escote, masajeando hasta absorber. Usa mañana y noche antes de la crema hidratante. 2. Para el Protector Solar Fluido Mineral: Antes de la exposición al sol, agita el envase y aplica generosamente en el rostro de manera uniforme. | K15: Piel sensible | L15: Vitamina Cg (1.8%): Potente antioxidante que ilumina y protege la piel, Niacinamida (3%): Mejora la barrera cutánea y reduce manchas, Bakuchiol (1.5%): Alternativa natural al retinol que corrige arrugas sin irritar, Complejo Mineral (Óxido de Zinc): Protección solar física de amplio espectro para pieles sensibles. | M15: ¡Transforma y protege tu piel con este pack esencial de Avene! Este combo incluye el Sérum Vitamina Cg de 30ML, un corrector e iluminador que combate manchas, arrugas y flacidez con una fórmula rica en antioxidantes como Vitamina Cg, Niacinamida y Bakuchiol, ofreciendo un 94% de ingredientes naturales para una piel más suave y radiante en 15 días. Junto a él, el Protector Solar Fluido Mineral SPF 50+ de 40ML, con filtros 100% minerales, textura ligera y acabado mate, ofrece protección de amplio espectro UVB-UVA muy resistente al agua, ideal para pieles sensibles e intolerantes. ¡La dupla perfecta para un cuidado facial completo, eficaz y respetuoso! | N15: Avene | O15: 0.25 | P15: Unisex | Q15: Vitamina Cg Serum + Solar Fluido Mineral | R15: 1 frasco de Avene Vitamina Cg Serum 30ML, 1 frasco de Avene Solar Fluido Mineral SPF 50+ 40 ML Sin Color. | S15: Pack de Sérum y Protector Solar Facial | T15: 70 mL | U15: Sin Color | V15: 8 | W15: 18 | X15: 5 | Y15: avene, serum vitamina c, protector solar mineral, antiedad, antimanchas, piel sensible, spf 50+, fluido, antioxidante | Z15: 70 | AA15: Sérum corrector e iluminador, Protector solar de amplio espectro, Fórmula con 94% ingredientes naturales, Filtros 100% minerales, Textura ligera y de rápida absorción, Resistente al agua, Acabado mate, Sin perfume, Para piel sensible | AB15: pack avene, serum vitamina c avene, protector solar mineral avene, cuidado facial, antiedad, antimanchas, spf 50, fluido solar, piel sensible, sérum iluminador | AC15: Transparente | AD15: 0.2 | AE15: Pack Avene: Sérum Vitamina Cg + Protector Solar Mineral SPF50+ | AF15: Sérum: Agua termal de Avene, Vitamina Cg (Ascorbil Glucósido), Niacinamida, Bakuchiol, y otros ingredientes naturales. Protector Solar: Agua termal de Avene, Óxido de Zinc (filtro mineral), emolientes y agentes texturizantes para una aplicación fluida y acabado mate. | AG15: Pierre Fabre | AH15: Pack Avene con Sérum Vitamina Cg para corregir arrugas y manchas, y Protector Solar Mineral SPF50+ para piel sensible. Combate el envejecimiento y protege diariamente. ¡Resultados visibles en 15 días! | AI15: null | AJ15: Kit de Cuidado de la Piel | AK15: MPE123356 | AL15: TRATAMIENTOS Y DERMOCOSMETICA > DERMOCOSMETICA | AM15: R300806000000 | AN15: Cuidado de la piel|hidratación de la piel | AO15: 2257
A16: 094-001-003 | C16: Pack Dúo Martiderm Eye Correct - Tratamiento Día y Noche para Contorno de Ojos | D16: =LEN(C16) -> 78 | E16: 222.52 | F16: Antiojeras, Antiedad, Facial | G16: Antiojeras | H16: =VLOOKUP(G16,Hoja1!B:C,2,0) -> #N/A | I16: Facial | J16: 1. Aplicar suavemente una pequeña cantidad de producto sobre el contorno del ojo. 2. Realizar un suave masaje, desde el extremo exterior hasta el lagrimal. 3. Para el tratamiento de día (Eye Correct Day), masajear hasta obtener un color uniforme. 4. Para el tratamiento de noche (Eye Correct Night), masajear hasta su total absorción. | K16: Todo tipo de piel | L16: Hemomelan KX Complex (reduce y disimula ojeras), Tetrapeptide (acción antiedad), EGCG (descongestionante y antioxidante), Vitamina E (protectora y calmante), Biosabolol (calmante y antiinflamatorio) | M16: ¡Descubre la mirada luminosa y descansada que siempre has querido! Presentamos el Pack Doble de Martiderm Eye Correct, un tratamiento revolucionario de día y noche específicamente formulado para el contorno de ojos. Este pack incluye dos unidades completas, cada una con su fórmula dual: Eye Correct Day, una emulsión hidratante ligera con color que unifica el tono e ilumina la mirada, y Eye Correct Night, un gel-crema hidratante que trabaja mientras descansas para una mirada más fresca al despertar. Su avanzada tecnología con Hemomelan KX Complex y péptidos actúa reduciendo visiblemente bolsas y ojeras, ofreciendo un efecto descongestionante inmediato con sensación de frescor. Fabricado con ingredientes de alta eficacia como EGCG y Biosabolol, es ideal para un cuidado diario profesional en casa. ¡Consigue un contorno de ojos rejuvenecido y dile adiós a los signos de fatiga con este tratamiento completo! | N16: Martiderm | O16: 0.25 | P16: Unisex | Q16: Eye Correct | R16: 2 unidades del tratamiento Martiderm Eye Correct. Cada unidad contiene 2 productos: 1 emulsión Eye Correct Day y 1 gel-crema Eye Correct Night. | S16: Tratamiento para contorno de ojos | T16: 2 pzas | V16: 4 | W16: 12 | X16: 4 | Y16: contorno de ojos, antiojeras, anti bolsas, día y noche, tratamiento facial, piel sensible, iluminador, descongestionante | AA16: Fórmula Day & Night, Reduce bolsas y ojeras, Efecto iluminador inmediato, Textura ligera no grasa, Descongestionante y calmante, Para todo tipo de piel | AB16: martiderm eye correct, contorno de ojos, crema para ojeras, tratamiento antiojeras, reducir bolsas ojos, cuidado ojos día y noche, cosmética facial, piel sensible | AD16: 0.1 | AE16: Pack Martiderm Eye Correct - Tratamiento Día/Noche Contorno Ojos | AF16: Emulsión y gel-crema formulados con una combinación de activos como el Hemomelan KX Complex para corregir la coloración, péptidos antiedad, antioxidantes como el EGCG del té verde, Vitamina E protectora y Biosabolol calmante. Diseñados para hidratar, iluminar y tratar los signos de fatiga en la zona del contorno ocular. | AH16: Pack con 2 unidades de Martiderm Eye Correct. Tratamiento día y noche que reduce bolsas y ojeras, ilumina y descongestiona el contorno de ojos. Fórmula con péptidos y antioxidantes para todo tipo de piel. ¡Mirada fresca y descansada! | AJ16: Cuidado Facial | AK16: MPE392452 | AL16: TRATAMIENTOS Y DERMOCOSMETICA > DERMOCOSMETICA | AM16: R300806000000 | AN16: Cosméticos|ojos | AO16: 2945 | AP16: Este pack contiene 2 unidades del tratamiento Martiderm Eye Correct, cada una incluye una fórmula de día y otra de noche para el contorno de ojos.
A17: 109-001-002 | B17: =VLOOKUP(A17,Hoja1!B:C,2,0) -> 15 | C17: Pack Dúo Sesderma Hidraderm Hyal Crema Facial con Ácido Hialurónico Liposomado | D17: =LEN(C17) -> 78 | E17: 209 | F17: Hidratante, Antiedad, Facial | G17: Hidratante | H17: =VLOOKUP(G17,Hoja1!B:C,2,0) -> #N/A | J17: 1. Aplica la crema sobre el rostro, cuello y escote limpios y secos. 2. Realiza un suave masaje con las yemas de los dedos hasta su completa absorción. 3. Utiliza la cantidad equivalente a presionar la bomba dosificador 3 veces para una cobertura uniforme. 4. Puedes aplicarla tanto por la mañana como por la noche. | K17: Piel Normal a Seca | L17: Ácido Hialurónico de alto peso molecular (hidrata y forma una película protectora en la superficie), Ácido Hialurónico de bajo peso molecular liposomado (penetra en capas más profundas para hidratación interna), Ácido Hialurónico de muy bajo peso molecular liposomado (actúa en las capas más profundas de la piel para una hidratación intensa) | M17: ¡Consigue una piel hidratada, rejuvenecida y protegida con este pack doble de lujo! El Pack Doble Sesderma Hidraderm Hyal Crema Facial es tu solución definitiva para la hidratación profunda y el tratamiento anti-edad. Esta crema facial de alta eficacia está formulada con una tecnología avanzada de Ácido Hialurónico en tres pesos moleculares diferentes (alto, bajo y muy bajo), este último encapsulado en liposomas para una penetración óptima. Su innovadora fórmula permite hidratar la piel a múltiples niveles: desde la superficie, creando un efecto filmógeno protector, hasta las capas más profundas de la dermis. Ideal para pieles secas, deshidratadas e incluso sensibles, ayuda a combatir los signos del envejecimiento causados por factores externos como el clima o internos como la edad. También es perfecta para recuperar la piel después de tratamientos estéticos agresivos como peelings o láser. ¡Invierte en la salud de tu piel y disfruta de un rostro suave, elástico y luminoso con este tratamiento profesional en la comodidad de tu hogar! | N17: Sesderma | O17: 0.3 | P17: Unisex | Q17: Hidraderm Hyal | R17: 2 unidades de Crema Facial Sesderma Hidraderm Hyal | S17: Crema Facial Hidratante con Ácido Hialurónico | T17: 2 pzas | U17: Blanco | V17: 6 | W17: 15 | X17: 6 | Y17: ácido hialurónico, crema facial, hidratante, antiarrugas, sesderma, piel seca, liposomado, antiedad, cuidado facial, tratamiento | AA17: Hidratación multinivel, Tecnología liposomada, Para pieles sensibles, Anti-envejecimiento, Recuperación post-tratamiento, Aplicación día y noche | AB17: pack sesderma hidraderm, crema acido hialuronico, hidratante facial, tratamiento antiedad, crema para piel seca, sesderma pack doble, crema facial hidratante, antiarrugas, piel deshidratada, cuidado de la piel | AC17: Blanco | AD17: 0.12 | AE17: Pack Doble Crema Facial Sesderma Hidraderm Hyal - Ácido Hialurónico | AF17: Formulada con una combinación de tres tipos de Ácido Hialurónico: de alto peso molecular libre para hidratación superficial y efecto filmógeno; y de bajo y muy bajo peso molecular, encapsulados en liposomas para garantizar su liberación controlada y penetración profunda en la piel, proporcionando hidratación intensa y duradera. | AG17: Sesderma | AH17: Pack de 2 cremas faciales Sesderma con Ácido Hialurónico liposomado. Hidratación profunda multinivel, trata piel seca/deshidratada y signos de envejecimiento. Ideal para uso diario y post-tratamientos estéticos. | AJ17: Cuidado Facial | AK17: MPE392452 | AL17: TRATAMIENTOS Y DERMOCOSMETICA > DERMOCOSMETICA | AM17: R300806000000 | AN17: Cuidado de la piel|hidratación de la piel | AO17: 2257 | AP17: Este pack contiene 2 unidades de Sesderma Hidraderm Hyal Crema Facial.
A18: 136-001-012 | B18: =VLOOKUP(A18,Hoja1!B:C,2,0) -> 16 | C18: Pack Dúo Bioderma Atoderm Huile De Douche FP1L (x2) - Aceite de Ducha para Piel Muy Seca y Atópica | D18: =LEN(C18) -> 98 | E18: 179.9 | F18: Piel seca, Piel Atópica, Calmante | G18: Piel seca | H18: =VLOOKUP(G18,Hoja1!B:C,2,0) -> #N/A | J18: 1. Aplicar sobre la piel húmeda durante la ducha o el baño. 2. Masajear suavemente para crear una espuma ultraligera. 3. Aclarar completamente con agua. 4. Para mejores resultados, seguir con un tratamiento de la gama Atoderm. Se recomienda usar una o dos veces al día. | K18: Piel sensible muy seca, irritada, atópica | L18: Biolípidos vegetales: reconstruyen la película protectora y alivian la tirantez, Vitamina B3 (Niacinamida): estimula la síntesis de lípidos para reconstruir la barrera cutánea, Patente Skin Barrier Therapy™: previene la adhesión de bacterias que empeoran la irritación, Complejo DAF: aumenta la tolerancia de la piel. | M18: ¡Transforma tu rutina de baño en un ritual de cuidado intensivo! Este pack incluye dos botellas de 1 litro del Aceite de Ducha Bioderma Atoderm, un limpiador diseñado específicamente para pieles muy secas, irritadas y atópicas. Su fórmula exclusiva, enriquecida con biolípidos vegetales, vitamina B3 (Niacinamida) y la patente Skin Barrier Therapy™, no solo limpia con suavidad sino que calma, protege y refuerza la barrera cutánea contra agresiones externas. Ofrece 24 horas de hidratación, es muy nutritivo y protector, con una espuma ultraligera y una textura aceitosa cremosa que no reseca. Su excelente tolerancia cutánea y ocular, junto con un perfume suave, lo hacen ideal para toda la familia. ¡Consigue una piel calmada, hidratada y protegida con cada ducha! | N18: Bioderma | O18: 2.2 | P18: Unisex | Q18: Huile De Douche FP1L | R18: 2 botellas de Bioderma Atoderm Huile De Douche de 1000 mL (1L) cada una. | S18: Aceite de ducha o gel de baño | T18: 2 x 1000 mL | U18: null | V18: 10 | W18: 20 | X18: 10 | Y18: bioderma, atoderm, aceite de ducha, piel atópica, piel seca, hidratante, calmante, gel de baño, limpieza suave, dermatológico | Z18: 2000 | AA18: Hidratación 24H, Limpieza suave, Textura aceite cremoso, Sin jabón, No comedogénico, Perfume suave, No pica en los ojos, Para piel sensible | AB18: bioderma atoderm, aceite de ducha bioderma, gel baño piel seca, producto piel atópica, limpiador corporal, hidratante ducha, pack bioderma, oferta bioderma | AC18: null | AD18: 2 | AE18: Pack Bioderma Atoderm Aceite Ducha Piel Atópica 2x1L | AF18: Agua, Glicerina (humectante), tensioactivos suaves derivados del coco (PEG-7 Glyceryl Cocoate, Sodium Cocoamphoacetate) para limpiar sin agredir, Biolípidos vegetales para reconstruir la barrera lipídica, Niacinamida (Vitamina B3) para reparar la piel, y fragancia suave. | AG18: Bioderma | AH18: Pack con 2 aceites de ducha Bioderma Atoderm de 1L. Calma y protege pieles muy secas y atópicas con biolípidos y vitamina B3. Hidratación 24H y limpieza suave. ¡Compra ahora! | AI18: Perfume suave | AJ18: Cuidado Corporal | AK18: MPE392701 | AL18: BAÑO Y SPA > GEL DE DUCHA | AM18: R300202000000 | AN18: Cabello|champús | AO18: 3190 | AP18: Este pack contiene 2 unidades de Bioderma Atoderm Huile De Douche FP1L, aceite de ducha de 1 litro cada una.
A19: 066-001-007 | B19: =VLOOKUP(A19,Hoja1!B:C,2,0) -> 17 | C19: Pack Dúo Avene Sérum Antiedad Hyaluron Activ B3 x2 | D19: =LEN(C19) -> 50 | E19: 216.9 | F19: Antiedad, Facial, Antiarrugas | G19: Antiedad | H19: =VLOOKUP(G19,Hoja1!B:C,2,0) -> #N/A | J19: 1. Aplica 1 o 2 gotas del sérum en la punta de los dedos. 2. Extiende suavemente sobre el rostro limpio y seco, incluyendo el contorno de ojos, cuello y escote. 3. Puedes usarlo por la mañana y/o por la noche. 4. Úsalo solo o antes de tu crema hidratante o tratamiento habitual. | K19: Todo tipo de piel | L19: Ácido Hialurónico (1.5%): Hidrata y rellena la piel desde el interior, Niacinamida (6%): Mejora la barrera cutánea y reduce signos de envejecimiento, Agua Termal de Avène: Calma y suaviza la piel sensible, Glicerina: Atrae y retiene humedad en la piel. | M19: ¡Descubre el poder de la juventud con el Pack Doble de Sérum Avène Hyaluron Activ B3! Este pack incluye dos unidades del revolucionario sérum facial concentrado en un 1.5% de Ácido Hialurónico puro (de alto y bajo peso molecular) y un 6% de Niacinamida (Vitamina B3). Su fórmula minimalista de solo 8 ingredientes actúa directamente sobre la causa del envejecimiento cutáneo, ayudando a prolongar la vida de las células de la piel. Especialmente formulado para pieles sensibles y sin perfume, ofrece un efecto tensor visible desde los primeros 15 días de uso, logrando una piel más rellena, firme, elástica y con arrugas reducidas. Su textura ligera es apta para todo el rostro, incluyendo la delicada zona del contorno de ojos. ¡Consigue una eficacia máxima en su forma más pura y ahorra con este práctico pack doble! | N19: Avène | O19: 0.3 | P19: Unisex | Q19: Hyaluron Activ B3 Serum | R19: 2 frascos de sérum facial Avène Hyaluron Activ B3. | S19: Sérum facial antiedad | T19: 2 pzas | U19: Transparente | V19: 5 | W19: 15 | X19: 5 | Y19: sérum antiedad, ácido hialurónico, niacinamida, avène, piel firme, reducir arrugas, facial, tratamiento, piel sensible | AA19: Concentrado en Ácido Hialurónico 1.5%, Concentrado en Niacinamida 6%, Fórmula minimalista (8 ingredientes), Sin perfume, Efecto tensor, Probado en pieles sensibles, Apto para contorno de ojos | AB19: sérum avène, hyaluron activ b3, ácido hialurónico puro, niacinamida, antiedad, antiarrugas, sérum facial, tratamiento piel, pack doble, oferta sérum | AC19: Transparente | AD19: 0.25 | AE19: Pack Sérum Avène Hyaluron Activ B3 - Antiedad x2 Unidades | AF19: Agua Termal de Avène (Avène Aqua), Niacinamida, Glicerina, Pentilenglicol, Hialuronato de Sodio (Ácido Hialurónico), Adenosina, Ácido Cítrico, Benzoato de Sodio. Ingredientes que hidratan en profundidad, mejoran la firmeza, calman la piel y actúan contra los signos del envejecimiento. | AG19: Laboratorios dermatológicos Avène | AH19: Pack con 2 sérums Avène Hyaluron Activ B3. Concentrado en Ácido Hialurónico y Niacinamida para reducir arrugas y dar firmeza. Fórmula minimalista para todo tipo de piel, incluso sensible. ¡Oferta especial! | AI19: Sin perfume | AJ19: Cuidado Facial | AK19: MPE392452 | AL19: TRATAMIENTOS Y DERMOCOSMETICA > DERMOCOSMETICA | AM19: R300806000000 | AN19: Cuidado de la piel|hidratación de la piel | AO19: 2257 | AP19: Este pack contiene 2 unidades del sérum facial Avène Hyaluron Activ B3.
A20: 089-001-006 | C20: Pack Dúo Frezyderm Eye Balm - 2 unidades Crema Contorno de Ojos de 15 ml cada una | D20: =LEN(C20) -> 81 | E20: 148 | F20: Antiojeras, Antiedad, Ojos | G20: Antiojeras | H20: =VLOOKUP(G20,Hoja1!B:C,2,0) -> #N/A | I20: Ojos | J20: 1. Limpia tu rostro. 2. Aplica una pequeña cantidad del bálsamo con suaves toques en la zona alrededor de los ojos (párpados y contorno). 3. Usa diariamente por la mañana y/o por la noche para mejores resultados. | K20: Todo tipo de piel | L20: Bioflavonoides: Activan la microcirculación para reducir ojeras, Extractos vegetales: Proporcionan elasticidad y luminosidad a la piel | M20: ¡Descubre la mirada fresca y rejuvenecida que siempre has querido! Presentamos el Pack Doble de Frezyderm Eye Balm, que incluye dos unidades de 15 ml de esta revolucionaria crema contorno de ojos. Este bálsamo suave y refrescante está formulado para reducir visiblemente las ojeras, la hinchazón y la falta de brillo en la delicada piel del contorno ocular. Su acción inmediata activa la microcirculación, recupera la elasticidad cutánea y minimiza las líneas de expresión, otorgando una apariencia radiante y descansada. Fabricado con ingredientes de alta calidad como bioflavonoides y extractos vegetales, es tu aliado perfecto para una rutina de cuidado anti-edad y anti-fatiga. ¡Consigue un look juvenil y luminoso con este tratamiento especializado! | N20: Frezyderm | O20: 0.1 | P20: Unisex | Q20: Eye Balm | R20: 2 unidades de Frezyderm Eye Balm de 15 ml cada una. | S20: Crema Contorno de Ojos | T20: 2 x 15 ml | V20: 3 | W20: 3 | X20: 8 | Y20: contorno de ojos, anti ojeras, anti arrugas, bálsamo, frescura, microcirculación, Frezyderm, cuidado facial | Z20: 30 | AA20: Reduce ojeras, Disminuye hinchazón, Aporta luminosidad, Activa microcirculación, Mejora elasticidad, Suave textura, Refrescante | AB20: crema ojos, contorno de ojos, anti ojeras, Frezyderm, bálsamo ojos, tratamiento ojeras, crema antiedad, cuidado ocular, piel sensible, cosmética griega | AD20: 0.05 | AE20: Pack Doble Crema Contorno Ojos Frezyderm Eye Balm - Anti Ojeras | AF20: Formulado con bioflavonoides que activan la microcirculación para combatir ojeras, y extractos vegetales que devuelven la elasticidad y luminosidad a la piel del contorno ocular. | AH20: Pack con 2 cremas Frezyderm Eye Balm de 15 ml. Reduce ojeras, hinchazón y arrugas. Activa microcirculación, aporta elasticidad y luminosidad. Para todo tipo de piel. | AJ20: Cuidado Facial | AK20: MPE392452 | AL20: TRATAMIENTOS Y DERMOCOSMETICA > DERMOCOSMETICA | AM20: R300806000000 | AN20: Cosméticos|ojos | AO20: 2945 | AP20: Este pack contiene 2 unidades de Frezyderm Eye Balm de 15 ml cada una.
A21: 088-001-006 | B21: =VLOOKUP(A21,Hoja1!B:C,2,0) -> 18 | C21: Pack Dúo Frezyderm Color Eye Balm 15ml - Crema Contorno de Ojos Antiarrugas | D21: =LEN(C21) -> 75 | E21: 148 | F21: Antiarrugas, Ojos, Antiedad | G21: Antiarrugas | H21: =VLOOKUP(G21,Hoja1!B:C,2,0) -> #N/A | J21: 1. Limpia tu rostro y la zona del contorno de ojos. 2. Aplica una pequeña cantidad del bálsamo con suaves toques alrededor de los ojos. 3. Usa diariamente por la mañana y/o por la noche para mejores resultados. | K21: Todo tipo de piel | L21: Aceite de argán: Nutre y reafirma la piel, Proteínas de avena ATP: Efecto lifting y reafirmante, Extracto de crambe maritima: Protege las células madre de la piel, Resveratrol: Mejora la densidad de la piel, Isoflavonas: Acción antiarrugas, Acetyl Tetrapeptide: Estimula la producción de colágeno (hormona de la juventud) | M21: ¡Descubre el secreto para una mirada joven y radiante! Presentamos el Pack Doble de Frezyderm Color Eye Balm, tu aliado esencial en el cuidado del contorno de ojos. Este bálsamo suave y refrescante de 15ml está formulado específicamente para reducir visiblemente las ojeras, la hinchazón (en un 2.7%) y la falta de brillo. Su avanzada tecnología activa la microcirculación de la zona ocular al instante, recuperando la elasticidad y suavizando las líneas de expresión. Fabricado con ingredientes de alta eficacia como aceite de argán, proteínas de avena ATP, extracto de crambe maritima, resveratrol, isoflavonas y acetyl tetrapeptide, ofrece un tratamiento integral antiarrugas y reafirmante. Ideal para todo tipo de piel, especialmente maduras o con signos de flacidez. ¡Consigue un look fresco, descansado y lleno de vitalidad con este pack de doble beneficio! | N21: Frezyderm | O21: 0.08 | P21: Femenino | Q21: Color Eye Balm | R21: 2 unidades de crema Frezyderm Color Eye Balm de 15ml cada una. | S21: Crema Contorno de Ojos | T21: 30 ml | V21: 3 | W21: 3 | X21: 8 | Y21: contorno de ojos, antiarrugas, ojeras, hinchazón, frezyderm, crema, bálsamo, piel madura, reafirmante | Z21: 30 | AA21: Reduce hinchazón en 2.7%, Activa microcirculación, Reduce ojeras y líneas de expresión, Textura suave y refrescante, Aplicación diaria | AB21: crema contorno de ojos, frezyderm eye balm, antiarrugas ojos, reducir ojeras, crema para hinchazón ojos, bálsamo ocular, tratamiento contorno de ojos, piel madura, pack doble crema ojos | AD21: 0.03 | AE21: Pack Doble Frezyderm Eye Balm - Crema Contorno Ojos Antiarrugas | AF21: Formulado con una combinación de aceites naturales, extractos vegetales y péptidos. Incluye aceite de Argania Spinosa (nutrición y elasticidad), proteínas de avena ATP (efecto lifting), extracto de Crambe Maritima (protección celular), Resveratrol (densidad de la piel), Isoflavonas (acción antiarrugas) y Acetyl Tetrapeptide (estimulante de colágeno). | AH21: Pack con 2 cremas Frezyderm Color Eye Balm de 15ml. Reduce ojeras, hinchazón (2.7%) y líneas de expresión. Activa microcirculación para una mirada fresca y radiante. Para todo tipo de piel. | AJ21: Cuidado Facial | AK21: MPE392452 | AL21: TRATAMIENTOS Y DERMOCOSMETICA > DERMOCOSMETICA | AM21: R300806000000 | AN21: Cosméticos|ojos | AO21: 2945 | AP21: Este pack contiene 2 unidades de Frezyderm Color Eye Balm de 15ml cada una.
A22: 091-001-006 | C22: Pack Dúo Frezyderm Sebum Control Shampoo 200 Ml - cuero cabelludo graso y dermatitis seborreica | D22: =LEN(C22) -> 95 | E22: 125 | F22: Capilar, Cuero cabelludo sensible, Piel grasa | G22: Capilar | H22: =VLOOKUP(G22,Hoja1!B:C,2,0) -> #N/A | I22: Piel grasa | J22: 1. Aplicar una pequeña cantidad del shampoo sobre el cabello mojado. 2. Hacer espuma masajeando suavemente el cuero cabelludo. 3. Dejar actuar de 2 a 3 minutos para que los activos trabajen. 4. Aclarar completamente con agua. 5. Para tratamiento de inducción, usar 3 veces por semana. Repetir según sea necesario. | K22: Piel grasa | L22: Sulfopéptidos y Vitaminas: Reducen la grasa en el cuero cabelludo y suprimen la lipogénesis, Capryloyl Glutamate: Protege la flora natural de la piel, Extractos vegetales: Proporcionan un efecto calmante y antiirritante | M22: ¡Controla el exceso de grasa y alivia las molestias del cuero cabelludo con este pack doble! El Pack de 2 unidades de Frezyderm Sebum Control Shampoo 200 Ml es un tratamiento especializado formulado para trabajar en conjunto con medicación recetada, combatiendo eficazmente la dermatitis seborreica, la psoriasis, la irritación y el picor. Este champú suave de pH neutro incorpora principios activos complementarios como sulfopéptidos, vitaminas y extractos vegetales que no solo tratan los problemas, sino que también suavizan y protegen el cuero cabelludo. Su fórmula está diseñada para suprimir la lipogénesis, reducir la secreción sebácea excesiva y ofrecer efectos antiinflamatorios y calmantes. Ideal para un tratamiento continuo, este pack económico te asegura un cuidado prolongado. ¡Consigue un cuero cabelludo más sano, limpio y libre de molestias! | N22: Frezyderm | O22: 0.6 | P22: Unisex | Q22: Sebum Control Shampoo | R22: 2 botellas de shampoo Frezyderm Sebum Control de 200 ml cada una. | S22: Shampoo tratamiento control de grasa | T22: 400 ml | V22: 6 | W22: 18 | X22: 6 | Y22: shampoo, dermatitis seborreica, cuero cabelludo graso, psoriasis, tratamiento capilar, control de sebo, Frezyderm, pH neutro | Z22: 400 | AA22: pH neutro, con extractos vegetales, efecto antiinflamatorio, controla la producción de grasa, tratamiento para dermatitis seborreica | AB22: shampoo frezyderm, shampoo sebo control, dermatitis seborreica shampoo, shampoo para cuero cabelludo graso, tratamiento psoriasis capilar, shampoo medicado, control de grasa cabello, frezyderm sebum | AD22: 0.5 | AE22: Pack Shampoo Frezyderm Sebum Control - Dermatitis Seborreica | AF22: Agua, tensioactivos suaves, sulfopéptidos, complejo vitamínico, capryloyl glutamate, extractos vegetales calmantes. Formulado para reducir la lipogénesis y la secreción sebácea mientras protege la flora cutánea y ofrece alivio. | AH22: Pack con 2 shampoos Frezyderm Sebum Control de 200ml. Tratamiento para dermatitis seborreica, psoriasis y cuero cabelludo graso. Controla el sebo, alivia picor e irritación con pH neutro. | AJ22: Shampoos y Acondicionadores | AK22: MPE122792 | AL22: SHAMPOO Y ACONDICIONADORES | AM22: R300105000000 | AN22: Cabello|champús | AO22: 3190 | AP22: Este pack contiene 2 unidades de Frezyderm Sebum Control Shampoo de 200 Ml cada una.
A23: 094-001-006 | B23: =VLOOKUP(A23,Hoja1!B:C,2,0) -> 19 | C23: Pack Antiedad Frezyderm Crema Velvet Moisturizing 50ml + Tratamiento Wrinkle Fighter 40ml | D23: =LEN(C23) -> 89 | E23: 880 | F23: Antiedad, Hidratante, Facial | G23: Antiedad | H23: =VLOOKUP(G23,Hoja1!B:C,2,0) -> #N/A | J23: 1. Para la Crema Velvet Moisturizing: Aplica por la mañana y/o noche sobre rostro, cuello y escote limpios y secos. Masajea suavemente. 2. Para el Wrinkle Fighter: Usa solo en la rutina nocturna. Gira el cabezal del aplicador para abrirlo, desliza las diademas hexagonales sobre la piel para distribuir el producto. No apliques crema o suero después. | K23: Piel Madura | L23: Cristales de Diamante y Nitruro de Boro: Renuevan células y aumentan la luminosidad, Colágeno y Ácido Hialurónico: Hidratan y retienen humedad, Glucógeno Marino: Protege de contaminantes y radicales libres, Polvo de Diamante: Activa la renovación celular, Trébol Rojo y Pisum Sativum: Reducen arrugas y mejoran elasticidad. | M23: ¡Transforma tu rutina de belleza con este pack premium de Frezyderm! Descubre el poder combinado de la Crema Velvet Moisturizing y el tratamiento Wrinkle Fighter, diseñados específicamente para pieles maduras. La Crema Velvet Moisturizing de 50ml es una fórmula ultrahidratante que combate la sequedad, falta de brillo y signos de envejecimiento, protegiendo además de agresiones externas gracias a su complejo con cristales de diamante, nitruro de boro, colágeno marino, ácido hialurónico y ectoína. El Wrinkle Fighter de 40ml es un tratamiento semanal concentrado que ataca arrugas estáticas y dinámicas con un aplicador único de diademas hexagonales, infundido con polvo de diamante, trébol rojo, pisum sativum y ácido hialurónico para aumentar firmeza, densidad y elasticidad. Juntos ofrecen una solución completa: hidratación profunda, protección ambiental y corrección intensiva de arrugas. ¡Logra una piel radiante, rejuvenecida y visiblemente más firme con este dúo de alta eficacia! | N23: Frezyderm | O23: 0.25 | P23: Femenino | Q23: Velvet Moisturizing & Wrinkle Fighter | R23: 1 frasco de Crema Frezyderm Diamond Velvet Moisturizing de 50ml, 1 unidad de Tratamiento Frezyderm Diamond Wrinkle Fighter de 40ml con aplicador. | S23: Pack de Crema Hidratante y Tratamiento Antiarrugas | T23: 90 ml | V23: 12 | W23: 8 | X23: 5 | Y23: antiedad, antiarrugas, hidratante, piel madura, frezyderm, crema facial, tratamiento, renovación celular, ácido hialurónico, diamante | Z23: 90 | AA23: Aplicador con diademas hexagonales, Fórmula con cristales de diamante, Textura ultrahidratante, Protección contra contaminantes, Tratamiento semanal | AB23: pack frezyderm, crema antiarrugas, tratamiento arrugas, hidratante piel madura, frezyderm diamond, rutina facial antiedad, crema velvet, wrinkle fighter | AD23: 0.2 | AE23: Pack Frezyderm Antiedad: Crema Velvet + Wrinkle Fighter | AF23: Crema Velvet: Contiene Cristales de Diamante y Nitruro de Boro para renovación celular, una combinación de ingredientes hidratantes (colágeno marino, elastina marina, ácido hialurónico de bajo peso molecular-silanol, ectoína y complejo similar a NMF) para retención de humedad, y Glucógeno Marino para protección ambiental. Wrinkle Fighter: Incluye Polvo de Diamante para renovación, Trébol Rojo y Pisum Sativum para reducir arrugas y mejorar elasticidad, y Ácido Hialurónico de bajo peso molecular para rellenar arrugas. | AH23: Pack Frezyderm con Crema Velvet Moisturizing 50ml y Tratamiento Wrinkle Fighter 40ml. Hidratación profunda y corrección de arrugas para piel madura. Fórmulas con diamante y ácido hialurónico. ¡Resultados visibles! | AJ23: Cuidado Facial | AK23: MPE392452 | AL23: TRATAMIENTOS Y DERMOCOSMETICA > DERMOCOSMETICA | AM23: R300806000000 | AN23: Cuidado de la piel|hidratación de la piel | AO23: 2257 | AP23: Este pack contiene: 1 unidad de Frezyderm Velvet Moisturizing 50ml y 1 unidad de Frezyderm Wrinkle Fighter 40ml.
A24: 056-001-007 | B24: =VLOOKUP(A24,Hoja1!B:C,2,0) -> 20 | C24: Pack Cuidado Facial Avene Sérum Vitamina Cg 30ML + Protector Solar Ultra Mat SPF 50+ 50 ml | D24: =LEN(C24) -> 90 | E24: 394.1 | F24: Antiedad, Antimanchas, Facial | G24: Antiedad | H24: =VLOOKUP(G24,Hoja1!B:C,2,0) -> #N/A | J24: Para una rutina facial completa: 1. Por la mañana: Limpia y seca tu rostro. Aplica unas gotas del Sérum Vitamina Cg en rostro, cuello y escote, masajeando hasta su absorción. Luego, aplica el Protector Solar Ultra Mat SPF 50+ uniformemente en rostro y cuello 20 minutos antes de la exposición al sol. Reaplica cada 2-3 horas si es necesario. 2. Por la noche: Limpia tu rostro. Aplica el Sérum Vitamina Cg antes de tu crema hidratante habitual. | K24: Piel sensible, mixta o grasa | L24: Vitamina Cg (1.8%): Potente antioxidante que ilumina y protege la piel. Niacinamida (3%): Mejora la barrera cutánea y reduce manchas. Bakuchiol (1.5%): Alternativa natural al retinol que corrige arrugas. Complejo Sunsitive® Protection: Sistema de filtros de amplio espectro para protección UVA-UVB. Agua Termal de Avène: Calma, suaviza y reduce la irritación en pieles sensibles. | M24: ¡Transforma tu rutina de belleza con este pack esencial de Avène! Descubre el poder del Sérum Vitamina Cg de 30ML, un corrector e iluminador que combate activamente los signos del envejecimiento como manchas, arrugas y flacidez. Su fórmula con un 94% de ingredientes naturales, enriquecida con Vitamina Cg, Niacinamida y Bakuchiol, ofrece una textura ligera que mejora la luminosidad y suavidad desde la primera aplicación, ideal incluso para pieles sensibles. Complétalo con el Protector Solar Ultra Mat SPF 50+ de 50 ml, específicamente formulado para pieles sensibles, mixtas o grasas. Su tecnología Sunsitive® Protection garantiza una defensa solar de muy alto espectro y fotoestable, mientras que su efecto matificante dura hasta 12 horas, dejando un acabado fresco y sin brillos. La adición de Agua Termal de Avène calma y suaviza. Juntos, forman el dúo perfecto para una piel radiante, protegida y visiblemente rejuvenecida. ¡Consigue una piel más sana, uniforme y protegida todos los días! | N24: Avène | O24: 0.25 | P24: Unisex | Q24: Vitamina Cg Sérum + Solar Ultra Mat | R24: 1 frasco de Sérum Corrector e Iluminador Avène Vitamina Cg 30ML, 1 tubo de Protector Solar Facial Avène Solar Ultra Mat SPF 50+ 50 ml | S24: Pack de Sérum y Protector Solar Facial | T24: 80 ml | V24: 12 | W24: 6 | X24: 18 | Y24: avène, serum vitamina c, protector solar, facial, antiedad, matificante, spf 50+, piel sensible, antioxidante, rutina facial | Z24: 80 | AA24: Sérum corrector e iluminador, Protector solar de muy alta protección SPF 50+, Efecto matificante de 12 horas, Fórmula con 94% ingredientes naturales, Resistente al agua, Textura ligera no grasa, Para pieles sensibles, mixtas o grasas | AB24: pack avène, serum vitamina c avène, protector solar facial matificante, bloqueador solar spf 50, cuidado facial piel sensible, rutina antiedad, avène vitamina cg, solar ultra mat, crema con vitamina c, protector solar sin brillo | AD24: 0.18 | AE24: Pack Avène: Sérum Vitamina Cg + Protector Solar SPF 50+ Matificante | AF24: Sérum: Agua, Vitamina Cg (Ascorbil Glucósido), Niacinamida, Bakuchiol, y otros ingredientes naturales en un 94%. Protector Solar: Sistema de filtros Sunsitive® Protection (Methylene Bis-Benzotriazolyl Tetramethylbutylphenol [Nano], Bis-Ethylhexyloxyphenol Methoxyphenyl Triazine, etc.), Agua Termal de Avène, Silica, y agentes matificantes. Fórmulas diseñadas para ser respetuosas con la piel sensible y el medio ambiente. | AG24: Pierre Fabre | AH24: Pack Avène con Sérum Vitamina Cg 30ML y Protector Solar Ultra Mat SPF 50+ 50ml. Combate arrugas y manchas mientras proteges tu piel del sol con un acabado matificante. Ideal para piel sensible, mixta o grasa. | AI24: Sin perfume | AJ24: Kit de Cuidado de la Piel | AK24: MPE123356 | AL24: TRATAMIENTOS Y DERMOCOSMETICA | AM24: R300801000000 | AN24: Cuidado de la piel|hidratación de la piel | AO24: 2257
A25: 096-001-003 | B25: =VLOOKUP(A25,Hoja1!B:C,2,0) -> 21 | C25: Pack Martiderm Eye Correct + Photo-Age Ha+ – 10 Ampoules para contorno de ojos y antiedad facial. | D25: =LEN(C25) -> 97 | E25: 494.73 | F25: Antiedad, Antiojeras, Facial | G25: Antiedad | H25: =VLOOKUP(G25,Hoja1!B:C,2,0) -> #N/A | J25: 1. Para Eye Correct: Aplicar suavemente una pequeña cantidad sobre el contorno del ojo. Realizar un suave masaje desde el extremo exterior hasta el lagrimal. Para la versión Day, masajear hasta obtener un color uniforme. Para la versión Night, masajear hasta su total absorción. 2. Para Photo-Age Ha+: Agitar suavemente la ampolla. Colocar el easy open sobre la parte superior y presionar hasta oír un 'click'. Retirar la parte superior, colocar el dosificador y verter la mitad del contenido sobre la mano para aplicar. Conservar la ampolla restante con el tapón colocado. | K25: Todo tipo de piel | L25: Hemomelan KX Complex (reduce y disimula ojeras), Tetrapeptide (acción antiedad), EGCG (antioxidante), Vitamina E (protectora), Biosabolol (calmante), Vitamina C-Tech (15%, ilumina y reafirma), Proteum 89+ (3%, repara y firmeza), Ácido hialurónico (hidratación intensa), Complejo antirradicalar (protección), Repair complex (reparación), Retinol (renovación celular). | M25: ¡Transforma tu rutina de belleza con este pack exclusivo Martiderm! Descubre el poder combinado de dos tratamientos de alta eficacia. El pack incluye Martiderm Eye Correct, un tratamiento específico día y noche para el contorno de ojos que reduce visiblemente bolsas y ojeras gracias a su fórmula con Hemomelan KX Complex y Tetrapeptide, proporcionando una mirada luminosa y descansada con efecto calmante inmediato. También contiene Martiderm Photo-Age Ha+ en su presentación de 10 ampollas, un sérum antiedad intensivo con un 15% de Vitamina C-Tech, Proteum 89+ y Ácido Hialurónico que previene y repara los signos del fotoenvejecimiento, hidratando en profundidad y devolviendo la firmeza y luminosidad al rostro. Ambos productos tienen texturas de rápida absorción y son aptos para pieles sensibles. ¡Consigue una piel visiblemente rejuvenecida y protegida con este dúo de lujo! | N25: Martiderm | O25: 0.35 | P25: Unisex | Q25: Eye Correct & Photo-Age Ha+ Pack | R25: 1 frasco de tratamiento Martiderm Eye Correct (formulación día y noche), 1 caja con 10 ampollas individuales de Martiderm Photo-Age Ha+. | S25: Pack de tratamiento facial y contorno de ojos | T25: 2 pzas | V25: 12 | W25: 6 | X25: 18 | Y25: ampollas vitamina C, contorno de ojos, antiedad, antiojeras, piel sensible, fotoenvejecimiento, ácido hialurónico, rutina facial, cosmética española | AA25: Tratamiento día y noche para ojos, Fórmula con color unificador (Day), Textura gel-crema hidratante (Night), Ampolla con 15% de Vitamina C, Contiene Ácido Hialurónico, Apto para pieles sensibles, Efecto antioxidante y antipolución, Absorción rápida | AB25: pack martiderm, eye correct, photo age, ampollas vitamina c, contorno de ojos, crema antiojeras, tratamiento antiedad, sérum facial, rutina de skincare, cosmética profesional | AD25: 0.25 | AE25: Pack Martiderm Eye Correct + Photo-Age Ha+ Ampollas - Antiedad | AF25: Eye Correct: Emulsión y gel-crema con activos como Hemomelan KX Complex (para corregir tono), Tetrapeptide (péptido antiedad), EGCG (extracto de té verde antioxidante), Vitamina E y Biosabolol (calmante). Photo-Age Ha+: Sérum acuoso con Vitamina C estabilizada (15% para luminosidad y protección), Proteum 89+ (3%, complejo proteico marino reparador), Ácido Hialurónico (hidratación profunda), Complejo Antirradicalar (protección ambiental) y Repair Complex (con retinol, para renovación nocturna). | AH25: Pack exclusivo Martiderm con Eye Correct para ojeras y Photo-Age Ha+ ampollas con Vitamina C. Tratamiento completo antiedad y contorno de ojos para una piel luminosa, hidratada y sin signos de fatiga. ¡Resultados visibles! | AJ25: Cuidado Facial | AK25: MPE392452 | AL25: TRATAMIENTOS Y DERMOCOSMETICA > DERMOCOSMETICA | AM25: R300806000000 | AN25: Cuidado de la piel|hidratación de la piel | AO25: 2257 | AP25: Este pack contiene: 1 unidad de Martiderm Eye Correct (tratamiento día y noche para contorno de ojos) y 1 caja de Martiderm Photo-Age Ha+ con 10 ampollas (antiedad intensivo).
A26: 111-001-002 | B26: =VLOOKUP(A26,Hoja1!B:C,2,0) -> 22 | C26: Pack Dúo Sesderma Retisil Contorno de Ojos y Labios - Tratamiento Pro-Aging Intensivo | D26: =LEN(C26) -> 85 | E26: 199.9 | F26: Antiedad, Ojos, Antiarrugas | G26: Antiedad | H26: =VLOOKUP(G26,Hoja1!B:C,2,0) -> #N/A | J26: 1. Asegúrate de que la piel del contorno de ojos y labios esté limpia y seca. 2. Aplica una pequeña cantidad de crema por la mañana y por la noche. 3. Distribuye el producto desde el interior hacia el exterior de la zona. 4. Realiza ligeros toquecitos con las yemas de los dedos para una mejor absorción. 5. Masajea suavemente hasta que la crema se absorba por completo. | K26: Piel Madura | L26: Hidroxipinacolona Retinoato (Retinol estable, reduce arrugas), Cafeína (Activa la microcirculación, atenúa ojeras), Ácido Hialurónico de Sodio (Hidrata y rellena), Palmitoil Tripéptido-5 (Estimula colágeno, reafirma), Fosfatidilcolina (Mejora la elasticidad), Aceite de Rosa Mosqueta (Regenera y nutre) | M26: ¡Descubre el poder de un tratamiento profesional en casa! El Pack Doble de Sesderma Retisil Contorno de Ojos y Labios es tu aliado esencial contra los signos del tiempo. Este tratamiento intensivo pro-aging está específicamente formulado para las zonas más delicadas del rostro: el contorno de ojos y labios. Su avanzada fórmula combina activos de última generación como Hidroxipinacolona Retinoato (un retinol estable), cafeína y ácido hialurónico para actuar en múltiples frentes: reduce visiblemente las arrugas y líneas de expresión, reafirma la piel, hidrata en profundidad y aclara notablemente el aspecto de las ojeras de tono azulado. Fabricado con los más altos estándares de la dermocosmética, su textura ligera se absorbe rápidamente sin dejar residuos grasos. Consigue una mirada más descansada, juvenil y radiante con este pack de 2 unidades, ideal para un tratamiento continuo y efectivo. ¡Invierte en tu belleza con resultados visibles! | N26: Sesderma | O26: 0.15 | P26: Femenino | Q26: Retisil | R26: 2 unidades de Crema de Ojos y Labios Sesderma Retisil de 30ml cada una. | S26: Crema Contorno de Ojos y Labios | T26: 2 x 30 ml | U26: null | V26: 5 | W26: 5 | X26: 10 | Y26: antiedad, contorno de ojos, ojeras, arrugas, reafirmante, sesderma, retisil, pro-aging, hidratante, dermocosmética | Z26: 60 | AA26: Tratamiento pro-aging intensivo, Reduce arrugas y líneas de expresión, Reafirma la piel, Hidratación profunda, Aclara ojeras azuladas, Textura de rápida absorción, Fórmula con retinol estable y cafeína | AB26: crema ojos, contorno de ojos, sesderma retisil, antiarrugas, ojeras, crema antiedad, tratamiento ojos, crema labios, dermocosmética, pack doble | AC26: null | AD26: 0.12 | AE26: Pack x2 Crema Ojos y Labios Sesderma Retisil Antiedad | AF26: Fórmula acuosa enriquecida con siliconas, emolientes y activos pro-aging. Contiene una combinación de Hidroxipinacolona Retinoato (forma estable de retinol para renovación celular), Cafeína (para activar la microcirculación y reducir la apariencia de ojeras), Péptidos (Palmitoil Tripéptido-5 y otros dipéptidos para estimular el colágeno y reafirmar), Ácido Hialurónico (para hidratación y volumen), y extractos botánicos (Centella Asiática y Cola de Caballo) con propiedades calmantes y antioxidantes. | AG26: Sesderma | AH26: Pack doble de Crema Sesderma Retisil para contorno de ojos y labios. Tratamiento pro-aging que reduce arrugas, reafirma, hidrata y aclara ojeras. Fórmula con retinol estable y cafeína. ¡Resultados visibles! | AI26: null | AJ26: Cuidado Facial | AK26: MPE392452 | AL26: TRATAMIENTOS Y DERMOCOSMETICA > DERMOCOSMETICA | AM26: R300806000000 | AN26: Cuidado de la piel|hidratación de la piel | AO26: 2257 | AP26: Este pack contiene 2 unidades de la Crema de Ojos y Labios Sesderma Retisil de 30ml cada una.
A27: 139-001-012 | B27: =VLOOKUP(A27,Hoja1!B:C,2,0) -> 23 | C27: Pack Bioderma Node DS+ Shampooing T - 2 Unidades de 125ML - Tratamiento contra la caspa | D27: =LEN(C27) -> 87 | E27: 99.9 | F27: Anticaspa, Cuero cabelludo sensible, Capilar | G27: Anticaspa | H27: =VLOOKUP(G27,Hoja1!B:C,2,0) -> #N/A | J27: 1. Aplicar Nodé DS+ sobre el cabello mojado. 2. Masajear suavemente el cuero cabelludo hasta formar espuma. 3. Enjuagar con abundante agua. 4. Repetir la aplicación, dejando actuar durante 5 minutos. 5. Enjuagar nuevamente con agua abundante. Para tratamiento intensivo (3 semanas): usar 3 veces por semana. Para mantenimiento: usar 1-2 veces por semana. | K27: Cuero cabelludo sensible | L27: Complejo DSactive®: Regula la proliferación de levaduras Malassezia y reduce la secreción de sebo, Agentes queratorreguladores: Eliminan la caspa resistente y facilitan su eliminación, Agentes calmantes: Alivian el picor de manera inmediata y duradera, Complejo DAF: Mejora la tolerancia del cuero cabelludo sensible | M27: ¡Combate la caspa persistente de raíz con este pack especial! El Pack Bioderma Node DS+ Shampooing T incluye 2 unidades de 125ML del champú dermatológico especializado. Su fórmula exclusiva con Complejo DSactive® actúa directamente sobre las causas de la caspa resistente, regulando la proliferación de levaduras Malassezia y reduciendo la secreción de sebo. Con agentes queratorreguladores que eliminan la caspa y facilitan su remoción, y agentes calmantes que alivian el picor al instante. Su textura es cremosa y fluida, con un perfume fresco y suave, asegurando una limpieza profunda y duradera sin agredir el cuero cabelludo. Ideal para un tratamiento intensivo de 3 semanas o como mantenimiento continuo. ¡Recupera la salud de tu cuero cabelludo y dile adiós a la caspa para siempre! | N27: Bioderma | O27: 0.35 | P27: Unisex | Q27: Node DS+ Shampooing T | R27: 2 unidades de champú Bioderma Node DS Shampooing T de 125ML cada una. | S27: Champú anticaspa | T27: 2 x 125 mL | V27: 6 | W27: 18 | X27: 6 | Y27: champú anticaspa, bioderma node, caspa persistente, cuero cabelludo sensible, tratamiento intensivo, picor, shampoo dermatológico | Z27: 250 | AA27: Fórmula con Complejo DSactive®, Elimina caspa resistente, Alivia el picor inmediatamente, Textura cremosa fluida, Perfume fresco y suave, Para tratamiento intensivo y mantenimiento | AB27: bioderma node ds shampoo, champú para caspa, shampoo anticaspa, tratamiento caspa persistente, bioderma node ds+, cuero cabelludo sensible, champú dermatológico, pack champú bioderma | AD27: 0.3 | AE27: Pack Bioderma Node DS+ Shampoo - 2x125ml - Anticaspa | AF27: Fórmula dermatológica que incluye el Complejo DSactive® (regula levaduras Malassezia y sebo), agentes queratorreguladores (eliminan la caspa), agentes calmantes (alivian el picor) y Complejo DAF (mejora la tolerancia). Diseñada para una acción eficaz y respetuosa. | AG27: Bioderma | AH27: Pack con 2 champús Bioderma Node DS+ de 125ml. Tratamiento intensivo contra la caspa persistente. Elimina la caspa resistente, alivia el picor y calma el cuero cabelludo sensible. Fórmula dermatológica eficaz. | AI27: Fresco y suave | AJ27: Shampoos y Acondicionadores | AK27: MPE122792 | AL27: SHAMPOO Y ACONDICIONADORES | AM27: R300105000000 | AN27: Cabello|champús | AO27: 3190 | AP27: Este pack contiene 2 unidades de Bioderma Node DS Shampooing T de 125ML cada una.
A28: 095-001-003 | B28: =VLOOKUP(A28,Hoja1!B:C,2,0) -> 24 | C28: Pack Dúo de Martiderm Photo-Age Ha+ – 20 Ampollas en total con vitamina C y ácido hialurónico | D28: =LEN(C28) -> 93 | E28: 272.21 | F28: Antiedad, Facial, Antimanchas | G28: Antiedad | H28: =VLOOKUP(G28,Hoja1!B:C,2,0) -> #N/A | J28: 1. Agitar suavemente la ampolla antes de usar. 2. Apoyar la ampolla sobre una superficie plana y colocar el 'easy open' ejerciendo presión hacia abajo hasta oír un 'click'. 3. Retirar el 'easy open' y la parte superior de la ampolla. 4. Colocar el dosificador sobre la ampolla hasta la línea indicada. 5. Verter la mitad del contenido en la mano y aplicar sobre el rostro. 6. Conservar la ampolla restante sobre su base, colocando el tapón en el dosificador. | K28: Todo tipo de piel | L28: Vitamina C-Tech (15%, antioxidante e iluminador), Proteum 89+ (3%, reafirmante), Ácido hialurónico (hidratante intenso), Complejo antirradicalar (protege contra la polución), Repair complex (repara el daño solar), Retinol (suaviza arrugas) | M28: ¡Descubre el poder rejuvenecedor de la vitamina C con este pack doble! El Pack Martiderm Photo-Age Ha+ incluye 2 cajas con 10 ampollas cada una, ofreciendo un tratamiento antiedad intensivo de alta concentración. Este sérum en ampolla está formulado con un 15% de Vitamina C-Tech, un 3% de Proteum 89+ y Ácido Hialurónico de bajo peso molecular, creando una sinergia poderosa para combatir los signos del fotoenvejecimiento. Su textura fresca y de rápida absorción hidrata profundamente, ilumina el rostro, suaviza la apariencia de arrugas y manchas, y reafirma la piel gracias a su complejo antioxidante y antipolución. Ideal para prevenir y reparar el daño solar diario, logrando una piel más firme, luminosa y protegida. ¡Tu ritual diario para un cutis radiante y juvenil! | N28: Martiderm | O28: 0.45 | P28: Unisex | Q28: Photo-Age Ha+ | R28: 2 cajas selladas, cada una conteniendo 10 ampollas individuales de tratamiento facial, dosificadores y tapones. | S28: Ampollas Antiedad con Vitamina C | T28: 20 pzas | V28: 12 | W28: 6 | X28: 18 | Y28: ampollas, vitamina C, antiedad, ácido hialurónico, fotoenvejecimiento, antioxidante, hidratante, iluminador, Martiderm, facial | AA28: Alta concentración de Vitamina C (15%), Contiene Proteum 89+ y Ácido Hialurónico, Textura de rápida absorción, Efecto antioxidante y antipolución, Ampolla monodosis higiénica, Tratamiento intensivo | AB28: ampollas Martiderm, Photo Age HA, vitamina C para la cara, tratamiento antiedad, sérum vitamina C, ampollas antiedad, ácido hialurónico, reparar piel sol, piel luminosa, antiarrugas | AD28: 0.35 | AE28: Pack Martiderm Photo-Age Ha+ 20 Ampollas - Antiedad Vitamina C | AF28: Formulado con Vitamina C-Tech (antioxidante e iluminador), Proteum 89+ (complejo proteico reafirmante), Ácido Hialurónico de bajo peso molecular (hidratación profunda), Antiradical Complex (protección contra radicales libres) y Repair Complex (reparación cutánea). | AH28: Pack con 20 ampollas Martiderm Photo-Age Ha+. Tratamiento antiedad intensivo con 15% Vitamina C, ácido hialurónico y Proteum 89+. Hidrata, ilumina, reduce arrugas y protege del daño solar. Para todo tipo de piel. | AJ28: Cuidado Facial | AK28: MPE392452 | AL28: TRATAMIENTOS Y DERMOCOSMETICA > DERMOCOSMETICA | AM28: R300806000000 | AN28: Cuidado de la piel|hidratación de la piel | AO28: 2257 | AP28: Este pack contiene 2 cajas de Martiderm Photo-Age Ha+, cada una con 10 ampollas.
A29: 088-001-003 | B29: =VLOOKUP(A29,Hoja1!B:C,2,0) -> 25 | C29: Pack Limpieza Facial Martiderm Gel Micelar Limpiador 200ml + Desmaquillante de Ojos Bifásico 125ml | D29: =LEN(C29) -> 98 | E29: 172.86 | F29: Facial, Limpiadores, Hidratante | G29: Facial | H29: =VLOOKUP(G29,Hoja1!B:C,2,0) -> #N/A | J29: 1. Para el Gel Micelar: Aplica sobre el rostro húmedo, masajea suavemente y aclara con abundante agua. 2. Para el Desmaquillante Bifásico: Agita el envase para mezclar las dos fases, empapa un disco de algodón y retira el maquillaje de los ojos con movimientos suaves en la dirección de las pestañas. | K29: Todo tipo de piel | L29: Extracto de Flor Edelweiss: Antioxidante y calmante natural que protege la piel, Prebióticos: Equilibran la microbiota cutánea y refuerzan las defensas de la piel, Bisabolol (en el desmaquillante): Ingrediente calmante que reduce la irritación y es respetuoso con la zona ocular. | M29: ¡Descubre la rutina de limpieza facial definitiva! Este pack exclusivo Martiderm combina dos productos esenciales para una piel impecable. El Gel Micelar Limpiador de 200ml, en formato gel de uso diario, elimina suavemente las impurezas y el maquillaje sin resecar, dejando la piel del rostro, cuello y escote limpia, refrescada e hidratada. Su fórmula es apta incluso para pieles sensibles. Complementa tu rutina con el Desmaquillante de Ojos Bifásico de 125ml, una solución innovadora que elimina hasta el maquillaje waterproof sin irritar, picar o escocer. Este desmaquillante no solo limpia en profundidad, sino que también hidrata, protege la epidermis, es antioxidante, calmante y favorece la regeneración de la piel, siendo ultra respetuoso con las pestañas. Ambos productos están enriquecidos con Extracto de Edelweiss y Prebióticos. ¡Consigue una limpieza profunda, hidratación y protección en un solo pack! | N29: Martiderm | O29: 0.45 | P29: Femenino | R29: 1 frasco de Gel Micelar Limpiador Martiderm de 200ml, 1 frasco de Desmaquillante de Ojos Bifásico Martiderm de 125ml. | S29: Pack de limpieza facial | T29: 200ml + 125ml | V29: 12 | W29: 20 | X29: 8 | Y29: limpieza facial, gel micelar, desmaquillante ojos, martiderm, pack, edelweiss, prebioticos, piel sensible, maquillaje waterproof | Z29: 325 | AA29: Limpia sin resecar, Elimina maquillaje waterproof, Hidratante, Antioxidante, Calmante, Para todo tipo de piel | AB29: pack martiderm, gel micelar, desmaquillante ojos, limpieza facial, rutina de limpieza, martiderm limpiador, desmaquillante bifasico, productos martiderm, limpieza y desmaquillante | AD29: 0.4 | AE29: Pack Limpieza Facial Martiderm - Gel Micelar + Desmaquillante Ojos | AF29: El Gel Micelar contiene Extracto de Flor Edelweiss (antioxidante y calmante) y Prebióticos (equilibran la microbiota). El Desmaquillante Bifásico contiene además Bisabolol (calmante y antiirritante). Ambos formulados para limpiar, hidratar y proteger la piel sin agredirla. | AH29: Pack Martiderm con Gel Micelar Limpiador 200ml y Desmaquillante de Ojos Bifásico 125ml. Limpia, hidrata y elimina hasta el maquillaje waterproof. Con Edelweiss y Prebióticos. Para todo tipo de piel. | AJ29: Cuidado Facial | AK29: MPE392452 | AL29: TRATAMIENTOS Y DERMOCOSMETICA > LIMPIEZA | AM29: R300802000000 | AN29: Limpiadores|desmaquilladores no eléctricos | AO29: 1754 | AP29: Este pack contiene: 1 unidad de Martiderm Gel Micelar Limpiador de 200ml y 1 unidad de Martiderm Desmaquillante de Ojos Bifásico de 125ml.
A30: 108-001-002 | B30: =VLOOKUP(A30,Hoja1!B:C,2,0) -> 26 | C30: Pack Dúo Sesderma Salises Crema Espumosa Sin Jabón - Limpieza Facial para Piel Acneica | D30: =LEN(C30) -> 86 | E30: 115 | F30: Anti Acné, Limpiadores, Piel grasa | G30: Anti Acné | H30: =VLOOKUP(G30,Hoja1!B:C,2,0) -> #N/A | J30: 1. Humedece tu rostro con agua. 2. Aplica una pequeña cantidad de la crema sobre la piel húmeda. 3. Realiza un ligero masaje circular con las yemas de los dedos hasta formar una espuma cremosa. 4. Enjuaga abundantemente con agua tibia. 5. Seca tu piel con suavidad. Evita el contacto con los ojos. | K30: Piel Acneica | L30: Ácido salicílico (2%, exfolia y desobstruye poros), Aloe vera (1%, hidrata y calma), Extracto de avena (suaviza y protege la barrera cutánea), Extracto de camomila y mimosa (calma y reduce la irritación) | M30: ¡Limpieza profunda y tratamiento antiacné en un solo paso! El Pack Doble de Sesderma Salises Crema Espumosa Sin Jabón está diseñado para la higiene facial diaria de pieles seborreicas y con tendencia acneica. Su fórmula especializada desincrusta la grasa y limpia los poros en profundidad, ofreciendo un tratamiento único o ideal para combinar con cualquier otra rutina antiacné. Con una textura que se transforma en una espuma cremosa al contacto con el agua, contiene ingredientes activos como Ácido Salicílico, Aloe Vera y extractos naturales de avena, camomila y mimosa. Es el aliado perfecto para controlar el exceso de sebo y mantener la piel limpia, fresca y sin brillos no deseados. ¡Consigue una piel más clara y uniforme con este pack de dos unidades! | N30: Sesderma | O30: 0.4 | P30: Unisex | Q30: Salises Crema Espumosa Sin Jabón | R30: 2 unidades de Sesderma Salises Crema Espumosa Sin Jabón. | S30: Limpieza facial en crema espumosa | T30: 2 pzas | U30: null | V30: 5 | W30: 15 | X30: 5 | Y30: limpieza facial, antiacné, crema espumosa, piel grasa, ácido salicílico, sin jabón, Sesderma, Salises, poros limpios | AA30: Sin jabón, Formato crema espumosa, Con ácido salicílico, Con extractos naturales, Para uso diario, No fotosensible | AB30: Sesderma Salises, crema espumosa sin jabón, limpiador facial acne, producto para piel grasa, ácido salicílico limpieza, rutina antiacné, limpieza profunda poros, pack doble limpiador facial | AD30: 0.15 | AE30: Pack Doble Sesderma Salises Crema Espumosa Sin Jabón Anti Acné | AF30: Contiene 2% de Ácido Salicílico (queratolítico y antiseborreico), 1% de Aloe Vera (hidratante y calmante), Extracto de Avena Sativa (emoliente y protector), Extracto de Camomila y Mimosa (antiinflamatorio y suavizante), y Triclosán (antiséptico). Esta combinación limpia, exfolia y regula la producción de sebo. | AG30: Sesderma | AH30: Pack doble de Sesderma Salises. Crema espumosa sin jabón con ácido salicílico para limpieza facial diaria de piel grasa y acneica. Desincrusta grasa y limpia poros. ¡Compra tu pack! | AJ30: Cuidado Facial | AK30: MPE392452 | AL30: TRATAMIENTOS Y DERMOCOSMETICA > DERMOCOSMETICA | AM30: R300806000000 | AN30: Tratamientos contra el acné y rosácea | AO30: 581 | AP30: 2 unidades de Sesderma Salises Crema Espumosa Sin Jabón.
A31: 146-001-012 | C31: Pack Bioderma Photoderm Aquafluide SPF 50+ Dorée - Protector Solar con Color Dorado (x2) | D31: =LEN(C31) -> 88 | E31: 114.9 | F31: SolaresHacer principal, Antiedad, Facial | G31: Solares | H31: =VLOOKUP(G31,Hoja1!B:C,2,0) -> #N/A | I31: Facial | J31: 1. Aplicar de manera uniforme y generosa sobre la piel antes de la exposición solar. 2. Repetir la aplicación cada 2 horas o después de cada baño, secado con toalla o actividad deportiva. | K31: Todo tipo de piel | L31: Filtros UVA/UVB dermatológicos (protección solar), Cellular Bioprotection™ (activa defensas naturales y protege células), Polvos matificantes (acabado toque seco). | M31: ¡Protege y realza tu piel con el toque dorado del sol! Pack con 2 unidades del protector solar Bioderma Photoderm Aquafluide SPF 50+ en tono Dorée. Este protector solar facial de alta protección combina una textura ultrafluida y ligera como el agua con un acabado de toque seco y un sutil color dorado que unifica el tono de la piel. Su fórmula está enriquecida con la patente exclusiva Cellular Bioprotection™, que activa las defensas naturales de la piel, protege las células del daño solar y combate el envejecimiento prematuro. Ofrece máxima protección UVA/UVB gracias a su asociación de filtros dermatológicos. Es ideal para todo tipo de piel, incluso mixta y grasa, gracias a su textura no grasa, fórmula sin aceites y acabado matificante. Además, es no comedogénico, sin perfume y resistente al agua. ¡Consigue una protección biológica interna y un brillo saludable con este pack duplicado! | N31: Bioderma | O31: 0.15 | P31: Unisex | Q31: Photoderm Aquafluide SPF 50+ Dorée | R31: 2 unidades de protector solar Bioderma Photoderm Aquafluide SPF 50+ Dorée. | S31: Protector solar facial con color | T31: 2 pzas | U31: Dorée | V31: 5 | W31: 15 | X31: 5 | Y31: protector solar, bioderma, spf 50, aquafluide, dorado, facial, toque seco, antiaging, filtros uv | AA31: SPF 50+, Textura aqua-ligera, Acabado toque seco y matificante, Con color dorado, Resistente al agua, Sin perfume, No comedogénico, Fórmula sin aceites | AB31: protector solar bioderma, photoderm aquafluide, spf 50 dorado, bloqueador facial con color, filtro solar toque seco, bioderma dorée, protector solar para piel grasa | AC31: Dorado | AD31: 0.06 | AE31: Pack Bioderma Photoderm Aquafluide SPF 50+ Dorée (x2) | AF31: Fórmula basada en una asociación exclusiva de filtros dermatológicos UVA/UVB y la patente Cellular Bioprotection™ para proteger y activar las defensas celulares. Contiene una combinación sinérgica de 3 polvos que aportan el acabado matificante. | AG31: Bioderma | AH31: Pack con 2 protectores solares Bioderma SPF 50+ tono dorado. Textura ultrafluida, toque seco y protección biológica interna. Ideal para piel mixta/grasa. Sin aceites y resistente al agua. | AI31: Sin perfume | AJ31: Cuidado Facial | AK31: MPE392452 | AL31: PROTECTORES SOLARES | AM31: R300804000000 | AN31: Productos de protección solar | AO31: 492 | AP31: Este pack contiene 2 unidades del protector solar Bioderma Photoderm Aquafluide SPF 50+ en tono dorado.
A32: 147-001-012 | C32: Pack Bioderma Photoderm Aquafluid Neutre SPF50 (x2) - Protector Solar Facial Acabado Mate | D32: =LEN(C32) -> 89 | E32: 114.9 | F32: SolaresHacer principal, Facial, Antiedad | G32: Solares | H32: =VLOOKUP(G32,Hoja1!B:C,2,0) -> #N/A | I32: Antiedad | J32: 1. Aplica de manera uniforme y generosa antes de la exposición solar. 2. Repite la aplicación cada 2 horas o después de cada baño, secado o actividad deportiva. | K32: Todo tipo de piel | L32: Filtros dermatológicos UVA/UVB (protección solar), Cellular Bioprotection™ (protección biológica interna y activación de defensas naturales), Combinación sinérgica de 3 polvos (acabado toque seco matificante) | M32: ¡Protege tu piel al máximo con este pack doble de Bioderma! Pack de 2 unidades de Bioderma Photoderm Aquafluid Neutre SPF50, un protector solar facial de textura ultrafluida y acabado al toque seco y mate. Este producto combina una asociación exclusiva de filtros dermatológicos UVA/UVB con la patente Cellular Bioprotection™, que ofrece protección óptima contra los rayos UV y activa las defensas naturales de la piel para luchar contra el envejecimiento prematuro. Su fórmula es ligera como el agua, no comedogénica, sin aceites, no grasa, sin perfume y resistente al agua. Ideal para todo tipo de piel, incluso mixtas y grasas, y con buena tolerancia cutánea. ¡Tu aliado perfecto para una protección solar diaria de alta gama! | N32: Bioderma | O32: 0.15 | P32: Unisex | Q32: Photoderm Aquafluid Neutre SPF50 | R32: 2 unidades de Protector Solar Facial Bioderma Photoderm Aquafluid Neutre SPF50. | S32: Protector Solar Facial | T32: 2 pzas | U32: Neutre | V32: 5 | W32: 12 | X32: 5 | Y32: protector solar, bioderma, spf50, facial, aquafluid, mate, sin perfume, resistente al agua | AA32: SPF50, Textura ultrafluida, Acabado toque seco y mate, Resistente al agua, Sin perfume, No comedogénico, Sin aceites | AB32: protector solar bioderma, photoderm aquafluid, spf 50 facial, bloqueador solar mate, protector solar sin aceite | AC32: Transparente | AD32: 0.06 | AE32: Pack Bioderma Photoderm Aquafluid SPF50 Protector Solar Mate x2 | AF32: Fórmula con filtros dermatológicos UVA/UVB para protección solar de amplio espectro y la patente Cellular Bioprotection™ que protege las células de la piel. Contiene una combinación sinérgica de 3 polvos para un acabado mate. | AG32: Bioderma | AH32: Pack con 2 protectores solares Bioderma Photoderm Aquafluid SPF50. Textura ultrafluida, acabado mate y protección UVA/UVB. Ideal para piel mixta y grasa. Sin perfume y resistente al agua. | AJ32: Cuidado Facial | AK32: MPE392452 | AL32: PROTECTORES SOLARES | AM32: R300804000000 | AN32: Productos de protección solar | AO32: 492 | AP32: Este pack contiene 2 unidades de Bioderma Photoderm Aquafluid Neutre SPF50.
A33: 148-001-012 | C33: Pack Bioderma Photoderm Pediatrics Spray SPF50+ - 2 Unidades de 200ml - Protector solar infantil | D33: =LEN(C33) -> 96 | E33: 159.9 | F33: Bebé, SolaresHacer principal, Piel Atópica | G33: Bebé | H33: =VLOOKUP(G33,Hoja1!B:C,2,0) -> #N/A | I33: Piel Atópica | J33: 1. Aplicar de manera uniforme y generosa sobre piel sana antes de la exposición al sol. 2. Repetir la aplicación cada 2 horas o con más frecuencia después de nadar, secarse o realizar actividad deportiva. 3. Evitar la exposición solar prolongada de bebés y niños, complementar con ropa protectora y usar el producto solo en zonas descubiertas. | K33: Piel Sensible | L33: Filtros UV de nueva generación (protección solar de amplio espectro), Aceite de semillas de albaricoque (refuerza la barrera cutánea), Vitamina E (protección antioxidante), Lípidos biomiméticos (hidratación y protección de la piel). | M33: ¡Protección solar superior para la piel más delicada! Presentamos el Pack Bioderma Photoderm Pediatrics Spray SPF50+, que incluye 2 unidades de 200ml cada una. Este protector solar en spray está específicamente formulado para bebés y niños a partir de 12 meses. Cuenta con la exclusiva patente SUN BARRIER TECHNOLOGY de Bioderma, que combina filtros UV dermatológicos, Vitamina E y aceite de albaricoque para ofrecer una triple protección: de amplio espectro contra rayos UVA/UVB, antioxidante para prevenir daños a largo plazo, y de refuerzo de la barrera natural de la piel. Su fórmula multirresistente es impermeable al agua, arena y sudor, ofrece hasta 8 horas de hidratación, es invisible al aplicar y no deja efecto graso. Desarrollado con alta tolerancia, es no comedogénico, sin perfume y apto incluso para pieles atópicas y las más delicadas. Además, su fórmula es respetuosa con los ecosistemas acuáticos. ¡La elección inteligente para cuidar a tus pequeños bajo el sol! | N33: Bioderma | O33: 0.6 | P33: Bebés | Q33: Photoderm Pediatrics Spray SPF50+ | R33: 2 unidades de protector solar Bioderma Photoderm Pediatrics Spray SPF50+ de 200ml cada una. | S33: Protector solar infantil en spray | T33: 400 ml | U33: null | V33: 6 | W33: 18 | X33: 6 | Y33: protector solar niños, bioderma photoderm, spf50+, spray, bebé, resistente agua, piel atópica, alta protección, sin perfume | Z33: 400 | AA33: SPF50+, Triple protección solar, Resistente al agua y arena, Hasta 8h hidratación, Sin perfume, Apto piel atópica, Fórmula respetuosa con corales | AB33: protector solar niños, bioderma pediatrics, spray solar spf50, bloqueador infantil, fotoprotector bebé, crema solar niños, protección alta niños, solar bioderma | AC33: null | AD33: 0.45 | AE33: Pack Bioderma Photoderm Pediatrics Spray SPF50+ 2x200ml | AF33: Fórmula con filtros UV de nueva generación (Diethylhexyl Butamido Triazone, Bis-Ethylhexyloxyphenol Methoxyphenyl Triazine, Butyl Methoxydibenzoylmethane, Ethylhexyl Triazine), aceite de semillas de albaricoque (Prunus Armeniaca Kernel Oil) para nutrir y reforzar la barrera cutánea, y Vitamina E (Tocopherol) como antioxidante para proteger las células de la piel. Incluye agentes hidratantes como Glicerina. | AG33: Bioderma | AH33: Pack con 2 protectores solares Bioderma SPF50+ para bebés. Triple protección, resistente al agua y arena, sin perfume. Ideal para pieles delicadas y atópicas. ¡Protección superior! | AI33: Sin perfume | AJ33: Cuidado Facial | AK33: MPE392452 | AL33: PROTECTORES SOLARES | AM33: R300804000000 | AN33: Productos de protección solar | AO33: 492 | AP33: Este pack contiene 2 unidades de Bioderma Photoderm Pediatrics Spray SPF50+ de 200ml cada una.
A34: 149-001-012 | C34: Pack Dúo Bioderma Photoderm Pediatrics Lait SPF50+ 200ml (x2) - resistente al agua | D34: =LEN(C34) -> 82 | E34: 154.9 | F34: Bebé, SolaresHacer principal, Piel Atópica | G34: Bebé | H34: =VLOOKUP(G34,Hoja1!B:C,2,0) -> #N/A | I34: Piel Atópica | J34: 1. Aplicar de manera uniforme y generosa sobre la piel sana antes de la exposición al sol. 2. Repetir la aplicación cada 2 horas o con más frecuencia después de cada baño, secado o actividad deportiva. 3. Evitar la exposición solar directa en bebés y niños pequeños, usar el producto en zonas descubiertas junto con ropa protectora. | K34: Todo tipo de piel | L34: Aceite de semillas de albaricoque: Refuerza la función barrera de la piel, Vitamina E (Tocopherol): Protección antioxidante (77%), Filtros UV de nueva generación: Protección de amplio espectro UVA/UVB, Lípidos biomiméticos: Hidratación y protección de la barrera cutánea. | M34: ¡Protege la delicada piel de tus pequeños con la máxima seguridad! Pack doble de Bioderma Photoderm Pediatrics Lait SPF50+ 200ml, el protector solar dermatológico diseñado específicamente para bebés y niños. Este producto de alta tecnología incorpora la patente exclusiva SUN BARRIER TECHNOLOGY, que combina 4 filtros UV no contaminantes con un perfil ecotóxico bajo para ofrecer una triple protección solar: protección UV de amplio espectro optimizada contra UVA cortos y largos, protección antioxidante con vitamina E que preserva las reservas naturales de la piel, y protección que refuerza la función de barrera natural gracias al aceite de semillas de albaricoque y lípidos biomiméticos. Su fórmula es multirresistente (agua, arena, sudor), invisible sin efecto graso ni restos blancos, ofrece 8 horas de hidratación, es de alta tolerancia, no comedogénica, sin perfume y apta para aplicación sobre piel mojada (WET SKIN). Ideal para pieles delicadas, atópicas y de niños desde los 12 meses. ¡La elección segura y responsable para el cuidado solar infantil! | N34: Bioderma | O34: 0.5 | P34: Bebés | Q34: Photoderm Pediatrics Lait SPF50+ | R34: 2 unidades de Bioderma Photoderm Pediatrics Lait SPF50+ 200ml | S34: Protector solar para bebés | T34: 2 x 200 ml | U34: Blanco | V34: 6 | W34: 18 | X34: 6 | Y34: protector solar bebés, bioderma photoderm, spf50+, alta protección, resistente agua, sin perfume, piel atópica, sun barrier technology | Z34: 400 | AA34: SPF50+, Triple protección solar, Resistente al agua y arena, Sin perfume, Textura suave no grasa, Aplicación sobre piel mojada, No comedogénico, Fórmula respetuosa con ecosistemas acuáticos | AB34: protector solar niños, bloqueador bebé, bioderma pediatrics, leche solar spf50, fotoprotector infantil, crema solar alta protección, solar bebé 12 meses, protector solar atópico | AC34: Blanco | AD34: 0.45 | AE34: Pack Bioderma Photoderm Pediatrics Lait SPF50+ 200ml x2 | AF34: Fórmula dermatológica con filtros UV químicos de nueva generación (Diethylhexyl Butamido Triazone, Bis-Ethylhexyloxyphenol Methoxyphenyl Triazine, Butyl Methoxydibenzoylmethane, Ethylhexyl Triazone), aceite de semillas de albaricoque (Prunus Armeniaca Kernel Oil) para refuerzo lipídico, vitamina E (Tocopherol) como antioxidante, y agentes hidratantes como Glicerina y Propanediol. Sistema libre de perfumes y con baja carga ecotóxica. | AG34: Bioderma | AH34: Pack doble de protector solar Bioderma SPF50+ para bebés. Triple protección solar, resistente al agua, sin perfume. Ideal para piel delicada y atópica. Tecnología Sun Barrier. ¡Protección segura! | AI34: Sin perfume | AJ34: Cuidado Facial | AK34: MPE392452 | AL34: PROTECTORES SOLARES | AM34: R300804000000 | AN34: Productos de protección solar | AO34: 492 | AP34: Este pack contiene 2 unidades de Bioderma Photoderm Pediatrics Lait SPF50+ de 200ml cada una.
A35: 055-001-007 | B35: =VLOOKUP(A35,Hoja1!B:C,2,0) -> 27 | C35: Pack Facial Avene Sérum Vitamina Cg 30ML + Solar Fluido Mat Perfect SPF50+ Color 50 ml | D35: =LEN(C35) -> 86 | E35: 401.2 | F35: Antiedad, Antimanchas, Facial | G35: Antiedad | H35: =VLOOKUP(G35,Hoja1!B:C,2,0) -> #N/A | J35: 1. Por la mañana: Limpia y seca tu rostro. Aplica el Sérum Vitamina Cg, masajeando hasta su absorción. Luego, aplica el Protector Solar Fluido Mat Perfect SPF50+ Color uniformemente en rostro y cuello 20 minutos antes de la exposición solar. 2. Por la noche: Limpia tu rostro. Aplica el Sérum Vitamina Cg antes de tu crema hidratante habitual. 3. Para el protector solar: Reaplica cada 2 o 3 horas durante la exposición al sol. | K35: Todo tipo de piel | L35: Vitamina Cg (1.8%): Potente antioxidante que ilumina y protege la piel, Niacinamida (3%): Mejora la barrera cutánea y reduce manchas, Bakuchiol (1.5%): Alternativa natural al retinol que corrige arrugas, Complejo Sunsitive®: Protección fotostable de amplio espectro UVB/UVA, Agua Termal de Avene: Calma y suaviza la piel. | M35: ¡Descubre el dúo perfecto para una piel radiante y protegida! Este pack exclusivo Avene combina el poder corrector del Sérum Vitamina Cg con la protección de última generación del Fluido Solar Mat Perfect. El sérum, con un 94% de ingredientes naturales, es un tratamiento intensivo que combate manchas, arrugas y flacidez, iluminando la piel desde la primera aplicación gracias a su fórmula con Vitamina Cg, Niacinamida y Bakuchiol. El protector solar facial con color SPF50+ ofrece un acabado mate, unifica el tono sin efecto blanco, absorbe el exceso de sebo y es muy resistente al agua, todo mientras protege contra el fotoenvejecimiento con su tecnología Sunsitive®. Ideal para una rutina diaria completa, este pack está diseñado para pieles sensibles y todos los tipos de piel. ¡Consigue una tez impecable, juvenil y perfectamente protegida contra los rayos UV! | N35: Avene | O35: 0.25 | P35: Unisex | Q35: Vitamina Cg Serum + Solar Fluido Mat Perfect | R35: 1 frasco de Sérum Vitamina Cg de 30 ml, 1 frasco de Protector Solar Fluido Mat Perfect SPF50+ Color de 50 ml. | S35: Pack de Sérum y Protector Solar Facial | T35: 80 ml | V35: 12 | W35: 8 | X35: 5 | Y35: avene, serum vitamina c, protector solar, spf50, facial, antiedad, antimanchas, acabado mate, piel sensible, pack, cuidado de la piel | Z35: 80 | AA35: Sérum corrector e iluminador, Protector solar con color SPF50+, Acabado mate y unificante, Fórmula con 94% ingredientes naturales, Resistente al agua, Para piel sensible, Tecnología Sunsitive® | AB35: pack avene serum protector solar, vitamina c avene, fluido solar con color, protector solar mate spf50, serum antimanchas, cuidado facial diario, avene vitamina cg, solar fluido mat perfect | AD35: 0.18 | AE35: Pack Avene: Sérum Vitamina Cg + Protector Solar SPF50+ Mate | AF35: Sérum: Base acuosa con Vitamina Cg (Ascorbyl Glucoside), Niacinamida, Bakuchiol y un 94% de ingredientes de origen natural. Protector Solar: Filtros solares de amplio espectro (Methylene Bis-Benzotriazolyl Tetramethylbutylphenol [Nano], Bis-Ethylhexyloxyphenol Methoxyphenyl Triazine, etc.), sílice para efecto mate, pigmentos minerales (óxidos de hierro y dióxido de titanio) para el tinte, y Agua Termal de Avene para calmar la piel. | AH35: Pack Avene con Sérum Vitamina Cg para corregir arrugas y manchas, y Protector Solar SPF50+ con color y acabado mate. Protección solar avanzada y tratamiento antiedad en uno. Ideal para todo tipo de piel. | AJ35: Kit de Cuidado de la Piel | AK35: MPE123356 | AL35: TRATAMIENTOS Y DERMOCOSMETICA | AM35: R300801000000 | AN35: Cuidado de la piel|hidratación de la piel | AO35: 2257
A36: 061-001-007 | B36: =VLOOKUP(A36,Hoja1!B:C,2,0) -> 28 | C36: Pack Avene Sérum Vitamina Cg 30ml + Protector Solar Fluido Mineral con Color SPF50+ 40ml | D36: =LEN(C36) -> 88 | E36: 389.5 | F36: Antiedad, Antimanchas, Facial | G36: Antiedad | H36: =VLOOKUP(G36,Hoja1!B:C,2,0) -> #N/A | J36: Para una rutina facial completa de día: 1. Por la mañana, limpia y seca tu rostro. 2. Aplica el Sérum Vitamina Cg con la pipeta, masajeando en rostro, cuello y escote hasta su absorción. 3. Agita el envase del Protector Solar Fluido Mineral con Color. 4. Aplica generosamente el protector solar en el rostro de manera uniforme antes de cualquier exposición al sol. 5. Complementa por la noche solo con el sérum, antes de tu crema hidratante. | K36: Piel sensible | L36: Vitamina Cg (1.8%): Potente antioxidante que ilumina y protege la piel, Niacinamida (3%): Mejora la barrera cutánea y reduce manchas, Bakuchiol (1.5%): Alternativa natural al retinol que corrige arrugas sin irritar, Complejo Mineral (Óxido de Zinc y Dióxido de Titanio): Protección física de amplio espectro contra rayos UVA/UVB, Agua Termal de Avène: Calma y suaviza la piel sensible. | M36: ¡Transforma y protege tu piel con este pack esencial de Avène! Descubre el Pack Avène que combina el poder corrector del Sérum Vitamina Cg con la protección mineral de alta tolerancia del Fluido Solar con Color. El Sérum Vitamina Cg de 30ml es un tratamiento iluminador y antioxidante formulado con un 1.8% de Vitamina Cg, 3% de Niacinamida y 1.5% de Bakuchiol, que reduce visiblemente manchas, arrugas y flacidez, mejorando la textura y luminosidad en solo 15 días. Su fórmula contiene un 94% de ingredientes naturales y es ideal para pieles sensibles. El Protector Solar Fluido Mineral con Color SPF50+ de 40ml ofrece una protección física de amplio espectro con un complejo 100% mineral, resistente al agua y con un acabado mate sin marcas blancas, diseñado específicamente para piel sensible, reactiva e intolerante. Juntos, forman la rutina diaria perfecta para una piel radiante, juvenil y perfectamente protegida. ¡Consigue una piel más suave, uniforme y defendida de los signos del tiempo y el sol! | N36: Avène | O36: 0.25 | P36: Femenino | Q36: Vitamina Cg Sérum + Solar Fluido Mineral | R36: 1 frasco de Sérum Correcto Avène Vitamina Cg 30ml, 1 frasco de Protector Solar Avène Fluido Mineral con Color SPF50+ 40ml. | S36: Pack de Sérum y Protector Solar Facial | T36: 70 ml | V36: 12 | W36: 8 | X36: 5 | Y36: pack avène, serum vitamina c, protector solar mineral, piel sensible, antiedad, antimanchas, protección solar facial, rutina facial, antioxidante, bakuchiol | Z36: 70 | AA36: Sérum con Vitamina Cg, Niacinamida y Bakuchiol, Protector solar físico SPF50+, Textura ligera y fluida, Fórmula para piel sensible, Resistente al agua, Acabado mate, Sin perfume, Envase con pipeta | AB36: pack avène vitamina c, serum y protector solar, avène vitamina cg serum, protector solar avène color, rutina facial piel sensible, protector solar mineral spf50, sérum antimanchas, crema antiedad avène, bloqueador solar facial, tratamiento facial diario | AD36: 0.18 | AE36: Pack Avène Sérum Vitamina Cg + Protector Solar Mineral SPF50+ | AF36: Sérum: Agua, Vitamina Cg (Ascorbil Glucósido), Niacinamida, Bakuchiol, y otros ingredientes naturales (94%). Protector Solar: Óxido de Zinc [Nano], Agua Termal de Avène, Dióxido de Titanio [Nano], emolientes y agentes matificantes. El sérum combina antioxidantes y alternativas al retinol para corregir signos de edad. El protector utiliza filtros minerales para una protección física de alta tolerancia. | AH36: Pack Avène con Sérum Vitamina Cg 30ml y Protector Solar Mineral SPF50+ 40ml. Combate arrugas y manchas mientras proteges tu piel sensible. Rutina completa antiedad y de protección solar de alta tolerancia. | AJ36: Kit de Cuidado de la Piel | AK36: MPE123356 | AL36: TRATAMIENTOS Y DERMOCOSMETICA > DERMOCOSMETICA | AM36: R300806000000 | AN36: Cuidado de la piel|hidratación de la piel | AO36: 2257 | AP36: Este pack contiene: 1 x Avène Vitamina Cg Sérum 30ml, 1 x Avène Solar Fluido Mineral con Color SPF50+ 40ml.
A37: 110-001-002 | C37: Pack Dúo Sesderma Retisil Crema Intensiva (x2) - Tratamiento Reafirmante y Antiarrugas | D37: =LEN(C37) -> 86 | E37: 259 | F37: Antiedad, Antiarrugas, Facial | G37: Antiedad | H37: =VLOOKUP(G37,Hoja1!B:C,2,0) -> #N/A | I37: Facial | J37: 1. Asegúrate de que tu piel del rostro, cuello y escote esté limpia y seca. 2. Toma una pequeña cantidad de crema con la yema de los dedos. 3. Aplícala suavemente sobre la piel, masajeando con movimientos circulares ascendentes. 4. Continúa masajeando hasta que el producto se absorba por completo. 5. Repite este proceso dos veces al día, por la mañana y por la noche. 6. Es fundamental utilizar protector solar diariamente durante el tratamiento. | K37: Todo tipo de piel | L37: Hidroxipinacolona Retinoato (activo pro-aging que mejora la apariencia de la piel), Progeline (péptido antiedad), Ácido Hialurónico (hidratación profunda de bajo y medio peso molecular), Silicio Orgánico (reafirma la piel), Péptidos Syn®-Tacks y Syn®-Coll (reducen la apariencia de arrugas), Vitamina E (antioxidante), Centella Asiática (antioxidante y reparadora), Aceite de Rosa Mosqueta (regenerador e hidratante), Aceite de Almendras Dulces (emoliente y suavizante), Manteca de Karité (nutre y protege la piel). | M37: ¡Descubre el poder de la juventud con el Pack Doble de Sesderma Retisil Crema Intensiva! Este tratamiento facial pro-aging de alta eficacia está diseñado para combatir intensamente los signos del tiempo. Su fórmula avanzada reduce visiblemente las arrugas y reafirma la piel del rostro, cuello y escote, ofreciendo una mejora completa en flacidez, líneas de expresión, manchas y textura irregular. Desarrollada con el exclusivo sistema Ageless Beauty, combina activos de última generación como hidroxipinacolona retinoato, progeline y ácido hialurónico para una acción renovadora. Enriquecida con silicio orgánico, péptidos específicos Syn®-Tacks y Syn®-Coll, potentes antioxidantes como la vitamina E y Centella asiática, e ingredientes hidratantes de origen natural como aceite de rosa mosqueta, aceite de almendras dulces y manteca de karité. Consigue una piel más firme, lisa, uniforme y radiante. ¡Invierte en tu piel con el doble de beneficios y ahorro! | N37: Sesderma | O37: 0.25 | P37: Unisex | Q37: Retisil Crema Intensiva | R37: 2 unidades de Sesderma Retisil Crema Intensiva. | S37: Crema facial antiarrugas y reafirmante | T37: 2 x 50 ml | U37: null | V37: 5 | W37: 5 | X37: 10 | Y37: antiedad, antiarrugas, reafirmante, pro-aging, sesderma, retisil, crema facial, tratamiento intensivo, rostro, cuello, escote, hidratante, antioxidante | Z37: 100 | AA37: Acción reafirmante, Reductor de arrugas, Mejora la flacidez, Unifica la textura de la piel, Atenúa manchas, Hidratación profunda, Con antioxidantes, Aplicación mañana y noche, Para todo tipo de piel | AB37: crema sesderma retisil, tratamiento antiarrugas, crema pro-aging, crema reafirmante facial, sesderma retisil intensiva, crema para flacidez, crema rostro cuello escote, crema antiedad, pack crema facial, oferta sesderma | AC37: null | AD37: 0.2 | AE37: Pack x2 Sesderma Retisil Crema Intensiva - Antiarrugas Pro-Aging | AF37: Fórmula con Ageless Beauty System que combina hidroxipinacolona retinoato (análogo de retinol mejorado), progeline (péptido antienvejecimiento) y ácido hialurónico (para hidratación y volumen). Incluye silicio orgánico y péptidos Syn®-Tacks/Syn®-Coll para firmeza, vitamina E y Centella asiática como antioxidantes, y aceites de rosa mosqueta y almendras dulces con manteca de karité para hidratar y suavizar la piel. | AG37: Sesderma | AH37: Pack con 2 cremas Sesderma Retisil Intensiva. Tratamiento pro-aging que reduce arrugas y reafirma la piel de rostro, cuello y escote. Ideal para mejorar flacidez, líneas de expresión y manchas. Para todo tipo de piel. | AI37: null | AJ37: Cuidado Facial | AK37: MPE392452 | AL37: TRATAMIENTOS Y DERMOCOSMETICA > DERMOCOSMETICA | AM37: R300806000000 | AN37: Cuidado de la piel|hidratación de la piel | AO37: 2257 | AP37: Este pack contiene 2 unidades de Sesderma Retisil Crema Intensiva.
A38: 144-001-012 | B38: =VLOOKUP(A38,Hoja1!B:C,2,0) -> 29 | C38: Pack Bioderma Pigmentbio H2O 250ml (Iluminador) + Sensibio Gel Moussant 500ml (Calmante) | D38: =LEN(C38) -> 88 | E38: 248.8 | F38: Facial, Antimanchas, Piel sensible | G38: Facial | H38: =VLOOKUP(G38,Hoja1!B:C,2,0) -> #N/A | J38: Para el Agua Micelar Pigmentbio H2O: 1) Humedece un algodón. 2) Limpia y elimina el maquillaje del rostro y los ojos. 3) Seca con suavidad. No necesita enjuague. Para el Gel Moussant Sensibio: 1) Aplica sobre la piel húmeda. 2) Forma espuma con un suave masaje. 3) Aclara bien con agua. 4) Seca con suavidad. | K38: Piel sensible a hiperpigmentada | L38: Pigmentbio H2O: Complejo patentado regulador de manchas (ilumina y previene), Micelas (limpian suavemente). Sensibio Gel Moussant: Complejo DAF (refuerza la tolerancia), Glucósido de coco/oleato de glicerilo (hidrata y restaura lípidos). | M38: ¡Descubre el dúo perfecto para una rutina de limpieza facial profesional y de alta tolerancia! Este pack especial incluye dos referencias icónicas de Bioderma. El Agua Micelar Pigmentbio H2O de 250ml está formulada para pieles con trastornos de pigmentación: limpia, desmaquilla e ilumina el tono de la piel gracias a su combinación patentada de activos que regulan los mecanismos biológicos causantes de las manchas oscuras. Es sin perfume y de muy alta tolerancia. El Gel Moussant Sensibio de 500ml es un limpiador micelar en gel espumoso, ideal para pieles sensibles. Su fórmula con el complejo DAF y un activo que imita la estructura de la piel, calma, hidrata y refuerza la barrera cutánea. Es no comedogénico, sin jabón y con pH fisiológico. Juntos ofrecen una limpieza profunda, respetuosa y dirigida a necesidades específicas, garantizando una piel limpia, fresca y protegida. ¡Tu piel lucirá radiante y calmada! | N38: Bioderma | O38: 0.85 | P38: Unisex | Q38: Pigmentbio H2O + Sensibio Gel Moussant | R38: 1 botella de Agua Micelar Bioderma Pigmentbio H2O de 250ml, 1 botella de Gel Moussant Bioderma Sensibio de 500ml. | S38: Pack de limpiadores faciales | T38: 750ml | U38: null | V38: 15 | W38: 22 | X38: 10 | Y38: bioderma, pack, limpieza facial, agua micelar, gel espumoso, pigmentbio, sensibio, piel sensible, antimanchas, iluminador | Z38: 750 | AA38: Alta tolerancia, Sin perfume, No comedogénico, pH fisiológico, Sin jabón, Desmaquillante, Hidratante, Calmante | AB38: pack bioderma, agua micelar bioderma, gel limpiador bioderma, pigmentbio h2o, sensibio gel moussant, limpieza facial, piel sensible, manchas en la piel, desmaquillante, rutina facial | AC38: Transparente | AD38: 0.75 | AE38: Pack Bioderma Pigmentbio + Sensibio - Limpieza e Iluminación | AF38: Pigmentbio H2O: Base de agua (Aqua), tensioactivos suaves (PEG-6 Caprylic/Capric Glycerides, Polysorbate 20) que forman micelas para atrapar impurezas, y un complejo patentado de activos (como Ácido Azelaico, extracto de Andrographis Paniculata, Hexapeptide-2) que regulan la pigmentación. Sensibio Gel Moussant: Base acuosa con tensioactivos suaves derivados del coco (Sodium Cocoamphoacetate, Coco-Glucoside) que limpian sin agredir, enriquecido con el complejo DAF (tolerancia) y emolientes (Glyceryl Oleate) que hidratan y restauran los lípidos de la piel. | AG38: Bioderma | AH38: Pack Bioderma con Agua Micelar Pigmentbio H2O 250ml (ilumina) y Gel Moussant Sensibio 500ml (calma). Limpieza profesional para piel sensible y con manchas. Alta tolerancia y sin perfume. ¡Compra ahora! | AI38: null | AJ38: Cuidado Facial | AK38: MPE392452 | AL38: TRATAMIENTOS Y DERMOCOSMETICA > DERMOCOSMETICA | AM38: R300806000000 | AN38: Limpiadores|desmaquilladores no eléctricos | AO38: 1754 | AP38: Este pack contiene: 1 Bioderma Pigmentbio H2O 250ml y 1 Bioderma Sensibio Gel Moussant 500ml.
A39: 089-001-003 | B39: =VLOOKUP(A39,Hoja1!B:C,2,0) -> 30 | C39: Pack Cuidado Facial Martiderm Gel Micelar Limpiador 200ml + Mascarilla Purificante Pure-Mask 75ml | D39: =LEN(C39) -> 97 | E39: 234.19 | F39: Facial, Limpiadores, Piel grasa | G39: Facial | H39: =VLOOKUP(G39,Hoja1!B:C,2,0) -> #N/A | J39: Para el Gel Micelar: 1. Aplica sobre el rostro húmedo. 2. Masajea suavemente con movimientos circulares. 3. Aclara con abundante agua. Usa diariamente. Para la Pure-Mask: 1. Aplica una capa uniforme sobre la piel limpia y seca. 2. Deja actuar durante 20 minutos. 3. Aclara con abundante agua. Usa 1 o 2 veces por semana, preferiblemente después de exfoliar. | K39: Piel Normal a Grasa | L39: Extracto de Flor Edelweiss (protege y calma la piel), Prebióticos (refuerzan la barrera cutánea), Ácido salicílico (exfolia y desobstruye poros), Centella asiática (calma y repara), Hamamelis (acción astringente y seborreguladora). | M39: ¡Descubre la combinación perfecta para una piel impecable! Este pack Martiderm incluye el Gel Micelar Limpiador de 200ml y la mascarilla Pure-Mask de 75ml. El gel micelar, con extracto de Flor Edelweiss y prebióticos, limpia suavemente sin resecar, eliminando impurezas y maquillaje mientras hidrata. La mascarilla purificante Pure-Mask, formulada con ácido salicílico, centella asiática y hamamelis, ofrece una limpieza profunda semanal, regula el sebo, reduce el tamaño de los poros y minimiza imperfecciones para una piel más suave, uniforme y luminosa. Ideal para una rutina de cuidado facial completa y efectiva. ¡Consigue una piel fresca, limpia y radiante con este dúo dinámico! | N39: Martiderm | O39: 0.35 | P39: Unisex | Q39: Gel Micelar + Pure-Mask | R39: 1 frasco de Gel Micelar Limpiador Martiderm de 200ml, 1 tubo de mascarilla purificante Pure-Mask Martiderm de 75ml. | S39: Kit de limpieza facial | T39: 200ml + 75ml | V39: 8 | W39: 18 | X39: 12 | Y39: limpieza facial, gel micelar, mascarilla purificante, piel grasa, acné, poros, Martiderm, skincare | Z39: 275 | AA39: Limpieza diaria suave, Limpieza profunda semanal, Hidratación, Regulación sebácea, Reducción del tamaño del poro, Sin alcohol, Apto para pieles sensibles | AB39: pack martiderm, gel micelar, mascarilla purificante, limpieza facial, piel grasa, acne, rutina skincare, pure mask, martiderm oferta | AD39: 0.3 | AE39: Pack Martiderm Gel Micelar + Pure-Mask - Limpieza Facial | AF39: Gel Micelar: Agua, tensioactivos suaves, extracto de Flor Edelweiss (Leontopodium alpinum) con propiedades calmantes y protectoras, y prebióticos para equilibrar la microbiota cutánea. Pure-Mask: Arcilla, ácido salicílico (exfoliante y queratolítico), extracto de Centella asiática (cicatrizante y calmante), hamamelis (astringente natural), colágeno y proteoglicanos para hidratación y mejora de la textura. | AH39: Pack especial Martiderm: Gel Micelar limpiador de 200ml + mascarilla Pure-Mask de 75ml. Limpieza diaria suave y limpieza profunda semanal para pieles mixtas, grasas o con tendencia acneica. ¡Piel limpia, fresca y radiante! | AJ39: Kit de Cuidado de la Piel | AK39: MPE123356 | AL39: TRATAMIENTOS Y DERMOCOSMETICA > DERMOCOSMETICA | AM39: R300806000000 | AN39: Cuidado de la piel|hidratación de la piel | AO39: 2257 | AP39: Este pack contiene: 1 unidad de Martiderm Gel Micelar limpiador de 200ml y 1 unidad de Martiderm Pure-Mask de 75ml.
A40: 113-001-015 | C40: Pack Solar ISDIN Fusion Water Magic SPF 50 50ml (facial) + Hydrolotion 50+ 200ml (corporal) | D40: =LEN(C40) -> 91 | E40: 249.8 | F40: SolaresHacer principal, Facial, Corporal | G40: Solares | H40: =VLOOKUP(G40,Hoja1!B:C,2,0) -> #N/A | I40: Corporal | J40: 1. Para Fusion Water Magic (rostro): Aplica generosamente sobre la piel seca del rostro, cuello, nuca y orejas. Usa la cantidad equivalente a dos líneas de producto en dos dedos. 2. Para Hydrolotion (cuerpo): Agita el frasco durante 5 segundos para mezclar bien. Aplica generosamente sobre la piel seca media hora antes de la exposición solar. 3. Reaplica ambos productos cada 2 horas y después de nadar, sudar o secarte con una toalla. | K40: Todo tipo de piel | L40: Ácido hialurónico (hidrata y rellena), Mediterranean Alga Extract (acción antioxidante), Vitamina E (protege contra el daño oxidativo), Chlorella Maris (evita la oxidación de la piel), Filtros solares de amplio espectro (protección UVB/UVA SPF50+). | M40: ¡Protección solar completa de ISDIN para tu día a día y tus aventuras al aire libre! Este pack exclusivo combina dos fotoprotectores de alta gama. El Fusion Water Magic SPF 50 es un protector facial con textura ultraligera de fase externa acuosa, que se absorbe al instante dejando un acabado sedoso y sin sensación grasa. Protege, hidrata y aporta acción antioxidante gracias a sus ingredientes activos. El Hydrolotion 50+ es un fotoprotector corporal bifásico de muy alta protección, formulado sin alcohol y resistente al agua. Su fórmula con Chlorella Maris ayuda a evitar la oxidación de la piel, ofreciendo un secado inmediato. Ideal para todo tipo de pieles, incluyendo las sensibles. ¡Tu piel merece la mejor defensa contra el sol! | N40: ISDIN | O40: 0.35 | P40: Unisex | Q40: Fusion Water Magic + Hydrolotion Pack | R40: 1 frasco de Fotoprotector ISDIN Fusion Water Magic SPF 50 de 50ml, 1 frasco de Fotoprotector ISDIN Hydrolotion 50+ de 200ml. | S40: Protector solar, Bloqueador solar | T40: 250 ml | V40: 12 | W40: 8 | X40: 18 | Y40: protector solar, isdin, fusion water, hydrolotion, spf 50, facial, corporal, resistente al agua, antioxidante, piel sensible | Z40: 250 | AA40: Alta protección SPF 50+, Textura ultraligera, Resistente al agua, Sin alcohol, Con antioxidantes, Secado inmediato, Testado dermatológicamente | AB40: protector solar isdin, pack protector solar, fusion water magic, hydrolotion, bloqueador facial, bloqueador corporal, spf 50, farmacia, cuidado de la piel, verano | AD40: 0.3 | AE40: Pack Protector Solar ISDIN Fusion Water Magic + Hydrolotion SPF50 | AF40: Fusion Water Magic: Contiene ácido hialurónico para hidratación profunda, extracto de alga mediterránea como antioxidante y vitamina E para protección adicional. Hydrolotion 50+: Formulación bifásica con filtros solares de amplio espectro (Octocrylene, Butyl Methoxydibenzoylmethane, etc.), Chlorella Maris para prevenir la oxidación y agentes hidratantes como Glicerina. | AG40: ISDIN | AH40: Pack ISDIN con protector facial ultraligero Fusion Water Magic SPF50 y corporal Hydrolotion 50+ resistente al agua. Protección completa, hidratación y antioxidantes para todo tipo de piel. ¡Defiende tu piel del sol! | AJ40: Productos de protección solar | AK40: MPE429448 | AL40: PROTECTORES SOLARES | AM40: R300804000000 | AN40: Productos de protección solar | AO40: 492 | AP40: Este pack contiene: 1 unidad de Fotoprotector ISDIN Fusion Water Magic SPF 50 de 50ml y 1 unidad de Fotoprotector ISDIN Hydrolotion 50+ de 200ml.
A41: 114-001-015 | C41: Pack Protector Solar ISDIN Fotoprotector Invisible Stick SPF 50 + Fusion Water Magic 50ml | D41: =LEN(C41) -> 89 | E41: 214.8 | F41: SolaresHacer principal, Facial, Antiedad | G41: Solares | H41: =VLOOKUP(G41,Hoja1!B:C,2,0) -> #N/A | I41: Antiedad | J41: 1. Para el Invisible Stick: Aplica generosamente el stick directamente sobre la piel limpia y seca, especialmente en zonas sensibles como rostro, labios, orejas o cicatrices. Reaplica cada 2 horas, o después de nadar, sudar o secarte con una toalla. 2. Para el Fusion Water Magic: Aplica generosamente sobre la piel seca. Usa la cantidad equivalente a dos líneas de producto extendidas en dos dedos para el rostro. Distribúyelo homogéneamente por todo el rostro, cuello, nuca y orejas. | K41: Todo tipo de piel | L41: Phaeodactylum tricornutum Extract (extracto de microalgas antioxidante), Brassica campestris Sterols (refuerza la barrera cutánea), Vitamina E (antioxidante que protege de radicales libres), Manteca de karité (nutre e hidrata), Pantenol (calma y suaviza), Ácido hialurónico (hidratante), Mediterranean Alga Extract (extracto de alga mediterránea). | M41: ¡Protección solar de alto rendimiento en un pack completo! Descubre el pack ISDIN que incluye el Fotoprotector Invisible Stick SPF 50 y el Fotoprotector Fusion Water Magic SPF 50. El Invisible Stick es un práctico protector en formato stick de 10 g, con textura invisible que no deja brillos ni sensación pegajosa, ideal para zonas sensibles como labios, orejas y cicatrices. Es resistente al agua y al sudor. El Fusion Water Magic es un fotoprotector facial ultraligero de 50 ml, con textura de fase externa acuosa que se absorbe inmediatamente, dejando un acabado sedoso. Ambos productos ofrecen protección SPF 50, hidratan la piel y aportan acción antioxidante para combatir los signos del envejecimiento. Fabricados con ingredientes de alta calidad como extracto de microalgas, vitamina E, manteca de karité y ácido hialurónico. ¡Tu defensa solar diaria más cómoda y eficaz en un solo pack! | N41: ISDIN | O41: 0.15 | P41: Unisex | Q41: Invisible Stick + Fusion Water Magic | R41: 1 unidad de ISDIN Fotoprotector Invisible Stick SPF 50 (10 g), 1 unidad de Fotoprotector ISDIN Fusion Water Magic SPF 50 (50 ml). | S41: Pack de protectores solares faciales | T41: 1 stick de 10 g + 1 frasco de 50 ml | U41: null | V41: 12 | W41: 5 | X41: 18 | Y41: protector solar, SPF 50, ISDIN, facial, stick, invisible, fusion water, hidratante, antioxidante, resistente al agua | Z41: 50 | AA41: SPF 50, Textura invisible, Resistente al agua y al sudor, Absorción inmediata, Con ácido hialurónico, Con vitamina E | AB41: protector solar ISDIN, pack protector solar, fusion water magic, invisible stick, SPF 50 facial, bloqueador solar, cuidado de la piel, antiarrugas, protección diaria | AC41: null | AD41: 0.1 | AE41: Pack Protector Solar ISDIN SPF 50: Invisible Stick + Fusion Water | AF41: El Invisible Stick contiene extracto de microalgas (Phaeodactylum tricornutum) por su poder antioxidante, esteroles de Brassica campestris para reforzar la barrera cutánea, vitamina E para neutralizar radicales libres, manteca de karité para nutrir y pantenol para calmar. El Fusion Water Magic contiene ácido hialurónico para hidratar, extracto de alga mediterránea y vitamina E como antioxidantes. | AG41: ISDIN | AH41: Pack ISDIN con protector solar Invisible Stick SPF 50 y Fusion Water Magic 50ml. Protección completa, texturas invisibles y ultraligeras, ideales para todo tipo de piel. ¡Hidratación y defensa antioxidante en un solo set! | AI41: null | AJ41: Cuidado Facial | AK41: MPE392452 | AL41: PROTECTORES SOLARES | AM41: R300804000000 | AN41: Productos de protección solar | AO41: 492 | AP41: Este pack contiene: 1 unidad de ISDIN Fotoprotector Invisible Stick SPF 50 (10 g) y 1 unidad de Fotoprotector ISDIN Fusion Water Magic SPF 50 (50 ml).

Sheet Hoja1
B1: 093-001-003 | C1: 1
B2: 069-001-007 | C2: 2
B3: 143-001-012 | C3: 3
B4: 112-001-002 | C4: 4
B5: 142-001-012 | C5: 5
B6: 092-001-003 | C6: 6
B7: 071-001-007 | C7: 7
B8: 090-001-006 | C8: 8
B9: 090-001-003 | C9: 9
B10: 087-001-003 | C10: 10
B11: 092-001-006 | C11: 11
B12: 054-001-007 | C12: 12
... B30: 089-001-003 | C30: 30
